app,track,package,version,version_code,sha256,signer_fingerprint,signer_hash_algorithm,observation_date_utc,archive_listing_or_upload_date,date_basis,acquisition,source_url
Balad,Balad Bazaar,ir.balad,4.76.3,7021,2cd665cc41445f86a33d529c92cf11afb68b25073f7f2a5794bee90bfe65aacc,029469f9da468848168b620e03efb0863e7fc79e505baac90c4e8c2706a034f5,SHA-256,2025-12-17T16:14:14Z,,VT first submission,APKPure direct; cross-checked VT SHA-256,https://www.virustotal.com/gui/file/2cd665cc41445f86a33d529c92cf11afb68b25073f7f2a5794bee90bfe65aacc
Balad,Balad Bazaar,ir.balad,4.76.4,7031,08395cba9ed4dd3ab20507b8791e364fd9f588156f5dcea98350c8333e19a304,029469f9da468848168b620e03efb0863e7fc79e505baac90c4e8c2706a034f5,SHA-256,2025-12-21T13:16:30Z,,VT first submission,APKPure direct; cross-checked VT SHA-256,https://www.virustotal.com/gui/file/08395cba9ed4dd3ab20507b8791e364fd9f588156f5dcea98350c8333e19a304
Balad,Balad Bazaar,ir.balad,4.77.0,7041,214c667001e63627544bb2174a347dbe1e97069a48ec973b634d50502d9abaf1,029469f9da468848168b620e03efb0863e7fc79e505baac90c4e8c2706a034f5,SHA-256,2026-02-05T10:48:52+00:00,,VT first submission,APKPure direct; cross-checked VT SHA-256,https://www.virustotal.com/gui/file/214c667001e63627544bb2174a347dbe1e97069a48ec973b634d50502d9abaf1
Balad,Balad Bazaar,ir.balad,4.79.0,7071,4c015bc86454142d7d5e4318e02454d0e1c7c2c9c602f3227fbde5a631c31784,029469f9da468848168b620e03efb0863e7fc79e505baac90c4e8c2706a034f5,SHA-256,2026-03-18T08:45:38+00:00,,VT first submission,VirusTotal CLI download,https://www.virustotal.com/gui/file/4c015bc86454142d7d5e4318e02454d0e1c7c2c9c602f3227fbde5a631c31784
Balad,Balad Bazaar,ir.balad,4.81.1,7101,da7e348ba2fd161e0a0d05b7ad7a216f95389f9e69219144d5cc72bf7454370b,029469f9da468848168b620e03efb0863e7fc79e505baac90c4e8c2706a034f5,SHA-256,2026-06-10T00:28:46+00:00,,VT first submission,VirusTotal CLI download,https://www.virustotal.com/gui/file/da7e348ba2fd161e0a0d05b7ad7a216f95389f9e69219144d5cc72bf7454370b
Balad,Balad Bazaar,ir.balad,4.82.0,7111,e492928e6330fdd00248b748d89dd621a8ad7dbb9d7ded28e6fd36f335c1201d,029469f9da468848168b620e03efb0863e7fc79e505baac90c4e8c2706a034f5,SHA-256,2026-07-08T14:27:03+00:00,,VT first submission,VirusTotal CLI download,https://www.virustotal.com/gui/file/e492928e6330fdd00248b748d89dd621a8ad7dbb9d7ded28e6fd36f335c1201d
Balad,Balad Bazaar,ir.balad,4.82.1,7120,38f93aedba3d80268f17c7858af375b8bbb21a2369763ef96f3eef8bbe791d0a,029469f9da468848168b620e03efb0863e7fc79e505baac90c4e8c2706a034f5,SHA-256,2026-07-19T17:31:54+00:00,,VT first submission,VirusTotal CLI download,https://www.virustotal.com/gui/file/38f93aedba3d80268f17c7858af375b8bbb21a2369763ef96f3eef8bbe791d0a
Balad,Balad Bazaar,ir.balad,4.82.1,7120,a32a4c162b0297a33d91587f36f68d43c34e37be1b810969497ec34b2bcff311,029469f9da468848168b620e03efb0863e7fc79e505baac90c4e8c2706a034f5,SHA-256,2026-08-01T03:06:01+00:00,,VT first submission,VirusTotal CLI download,https://www.virustotal.com/gui/file/a32a4c162b0297a33d91587f36f68d43c34e37be1b810969497ec34b2bcff311
Balad,Balad Bazaar,ir.balad,4.82.1,7120,a41cdd57a4dbfccc94f5828fe1868f4ee3c62e57da7ecac0e267138757cea94b,029469f9da468848168b620e03efb0863e7fc79e505baac90c4e8c2706a034f5,SHA-256,2026-07-19T17:17:52+00:00,,VT first submission,VirusTotal CLI download,https://www.virustotal.com/gui/file/a41cdd57a4dbfccc94f5828fe1868f4ee3c62e57da7ecac0e267138757cea94b
Balad,Balad Bazaar,ir.balad,4.82.1,7121,1b7952a94c1b48270acbc4024abaf1d7034a28e09d1c4f29614119fac066d9ee,029469f9da468848168b620e03efb0863e7fc79e505baac90c4e8c2706a034f5,SHA-256,2026-07-14T16:28:20+00:00,,VT first submission,VirusTotal CLI download,https://www.virustotal.com/gui/file/1b7952a94c1b48270acbc4024abaf1d7034a28e09d1c4f29614119fac066d9ee
Balad,Balad Bazaar,ir.balad,4.82.1,7121,394c1647bfb719b684be4a0b782f7f62e6b9ac5d4d828e0ed1ad1b0945a92013,029469f9da468848168b620e03efb0863e7fc79e505baac90c4e8c2706a034f5,SHA-256,2026-07-24T07:20:03+00:00,,VT first submission,VirusTotal CLI download,https://www.virustotal.com/gui/file/394c1647bfb719b684be4a0b782f7f62e6b9ac5d4d828e0ed1ad1b0945a92013
Balad,Balad Bazaar,ir.balad,4.83.0,7130,d5b38a482e9bcc62b942e993b4539d10a3385f06787411dced83f80ad66d0541,029469f9da468848168b620e03efb0863e7fc79e505baac90c4e8c2706a034f5,SHA-256,2026-08-17T10:35:14+00:00,,VT first submission,VirusTotal CLI download,https://www.virustotal.com/gui/file/d5b38a482e9bcc62b942e993b4539d10a3385f06787411dced83f80ad66d0541
Balad,Balad Bazaar,ir.balad,4.83.0,7131,3f6b5f50f43f332a963e95bbbea4092a6c74c66c70aca563f3dc718e6e2a33cb,029469f9da468848168b620e03efb0863e7fc79e505baac90c4e8c2706a034f5,SHA-256,2026-08-04T08:47:26+00:00,,VT first submission,VirusTotal CLI download,https://www.virustotal.com/gui/file/3f6b5f50f43f332a963e95bbbea4092a6c74c66c70aca563f3dc718e6e2a33cb
Balad,Balad Bazaar,ir.balad,4.83.1,7140,4ee099547c3533579b1513d2d7932ad8578a99b92f2054258962560fc8127603,029469f9da468848168b620e03efb0863e7fc79e505baac90c4e8c2706a034f5,SHA-256,2026-08-13T07:25:32+00:00,,VT first submission,VirusTotal CLI download,https://www.virustotal.com/gui/file/4ee099547c3533579b1513d2d7932ad8578a99b92f2054258962560fc8127603
Balad,Balad Bazaar,ir.balad,4.83.1,7140,f28633c021b05ada1755424ccc100a2188a8a9b5c533b6ba08364f59a8013026,029469f9da468848168b620e03efb0863e7fc79e505baac90c4e8c2706a034f5,SHA-256,2026-08-18T18:40:39+00:00,,VT first submission,VirusTotal CLI download,https://www.virustotal.com/gui/file/f28633c021b05ada1755424ccc100a2188a8a9b5c533b6ba08364f59a8013026
Balad,Balad Bazaar,ir.balad,4.83.1,7141,0fd677afb87b6c1345893aa46365cd290bdacfbbdf88b43d0faa8b9fdaffbf43,029469f9da468848168b620e03efb0863e7fc79e505baac90c4e8c2706a034f5,SHA-256,2026-08-15T14:06:37+00:00,,VT first submission,VirusTotal CLI download,https://www.virustotal.com/gui/file/0fd677afb87b6c1345893aa46365cd290bdacfbbdf88b43d0faa8b9fdaffbf43
Balad,Balad Bazaar,ir.balad,4.83.1,7141,3f385ab9c61740dc763161a62b0abb5e9661fd81894f2073a02a1ef46ace3379,029469f9da468848168b620e03efb0863e7fc79e505baac90c4e8c2706a034f5,SHA-256,2026-08-11T00:12:44+00:00,,VT first submission,VirusTotal CLI download,https://www.virustotal.com/gui/file/3f385ab9c61740dc763161a62b0abb5e9661fd81894f2073a02a1ef46ace3379
Balad,Balad Bazaar,ir.balad,4.83.2,7150,22c1baaf9fdd0513a8bd0f03829cac10ae26d945e4a253e23fbfc6ba194cb9c2,029469f9da468848168b620e03efb0863e7fc79e505baac90c4e8c2706a034f5,SHA-256,2026-08-21T05:35:33+00:00,,VT first submission,VirusTotal CLI download,https://www.virustotal.com/gui/file/22c1baaf9fdd0513a8bd0f03829cac10ae26d945e4a253e23fbfc6ba194cb9c2
Balad,Balad Bazaar,ir.balad,4.83.2,7151,e3bab81fdd1561fd7de3421fcd1662e1dc8cf12ef32fa79c8f0774aa21d46b2f,029469f9da468848168b620e03efb0863e7fc79e505baac90c4e8c2706a034f5,SHA-256,2026-08-19T14:01:52+00:00,,VT first submission,VirusTotal CLI download,https://www.virustotal.com/gui/file/e3bab81fdd1561fd7de3421fcd1662e1dc8cf12ef32fa79c8f0774aa21d46b2f
Balad,Balad Bazaar,ir.balad,4.84.0,7160,d76c77633224e48760b60226722a50146b8d7245ceb1a96ac0a0ece3b98008d7,029469f9da468848168b620e03efb0863e7fc79e505baac90c4e8c2706a034f5,SHA-256,2026-09-29T13:32:33Z,,VT first submission,VirusTotal CLI download,https://www.virustotal.com/gui/file/d76c77633224e48760b60226722a50146b8d7245ceb1a96ac0a0ece3b98008d7
Balad,Balad Bazaar,ir.balad,4.84.0,7161,18a117060b5e4423a0487f401378304f55999d11b83591f9c5f3780726ac6165,029469f9da468848168b620e03efb0863e7fc79e505baac90c4e8c2706a034f5,SHA-256,2026-09-05T22:57:08+00:00,,VT first submission,VirusTotal CLI download,https://www.virustotal.com/gui/file/18a117060b5e4423a0487f401378304f55999d11b83591f9c5f3780726ac6165
Balad,Balad Bazaar,ir.balad,4.84.0,7161,bd2133ed2cca4da189cd4e009f2c8da4ebe55c9f6371df67590c6d8e95ce9b77,029469f9da468848168b620e03efb0863e7fc79e505baac90c4e8c2706a034f5,SHA-256,2026-09-05T14:45:23+00:00,,VT first submission,VirusTotal CLI download,https://www.virustotal.com/gui/file/bd2133ed2cca4da189cd4e009f2c8da4ebe55c9f6371df67590c6d8e95ce9b77
Balad,Balad Bazaar,ir.balad,4.84.1,7170,748b2d8c5b4d158ed428cbd93ed580eea5137e5ce50bc4403cac04fa0fbec19e,029469f9da468848168b620e03efb0863e7fc79e505baac90c4e8c2706a034f5,SHA-256,2026-09-10T04:44:14+00:00,,VT first submission,VirusTotal CLI download,https://www.virustotal.com/gui/file/748b2d8c5b4d158ed428cbd93ed580eea5137e5ce50bc4403cac04fa0fbec19e
Balad,Balad Bazaar,ir.balad,4.84.1,7170,eeae1880c744961ec81d611f27601a89b7bbab383c00aade511a524619cc57ee,029469f9da468848168b620e03efb0863e7fc79e505baac90c4e8c2706a034f5,SHA-256,2026-09-19T14:03:15+00:00,,VT first submission,VirusTotal CLI download,https://www.virustotal.com/gui/file/eeae1880c744961ec81d611f27601a89b7bbab383c00aade511a524619cc57ee
Balad,Balad Bazaar,ir.balad,4.84.1,7171,2d4a9130633891aba63fc62a3575d072f9f31c2ca7b65748f7ecece34f13b096,029469f9da468848168b620e03efb0863e7fc79e505baac90c4e8c2706a034f5,SHA-256,2026-09-15T21:27:56+00:00,,VT first submission,VirusTotal CLI download,https://www.virustotal.com/gui/file/2d4a9130633891aba63fc62a3575d072f9f31c2ca7b65748f7ecece34f13b096
Balad,Balad Bazaar,ir.balad,4.84.1,7171,8285d68e7d2ad5075ab6e23daa8d8e3126d75bcde81247a90f8201d0c6f6a3d2,029469f9da468848168b620e03efb0863e7fc79e505baac90c4e8c2706a034f5,SHA-256,2026-09-07T23:31:32+00:00,,VT first submission,VirusTotal CLI download,https://www.virustotal.com/gui/file/8285d68e7d2ad5075ab6e23daa8d8e3126d75bcde81247a90f8201d0c6f6a3d2
Balad,Balad Play,com.baladmaps,4.77.0,7041,515e0330b2bb1429bcfdf7c8bdf7f15580fefc458e1e2c8ba7b0bb36c984e2e6,558ded460b975f67fd0f43cf136a4e4896f3ca396ef2c1cad5b575ee23fef311,SHA-256,2026-02-20T00:09:54Z,,VT first submission,VirusTotal CLI download,https://www.virustotal.com/gui/file/515e0330b2bb1429bcfdf7c8bdf7f15580fefc458e1e2c8ba7b0bb36c984e2e6
Balad,Balad Play,com.baladmaps,4.78.1,7061,02c402939a7314edeaa61cdb93fd0b7c010a1f6bae760589efb1b83702fd5b85,558ded460b975f67fd0f43cf136a4e4896f3ca396ef2c1cad5b575ee23fef311,SHA-256,2026-03-29T10:44:11Z,,VT first submission,VirusTotal CLI download,https://www.virustotal.com/gui/file/02c402939a7314edeaa61cdb93fd0b7c010a1f6bae760589efb1b83702fd5b85
Balad,Balad Play,com.baladmaps,4.79.0,7071,dc4c8462fbf75956c5e2c0c45bf019f7a79588291d5e0a08acc09da7d34faaf9,558ded460b975f67fd0f43cf136a4e4896f3ca396ef2c1cad5b575ee23fef311,SHA-256,2026-04-14T11:07:44Z,,VT first submission,VirusTotal CLI download,https://www.virustotal.com/gui/file/dc4c8462fbf75956c5e2c0c45bf019f7a79588291d5e0a08acc09da7d34faaf9
Balad,Balad Play,com.baladmaps,4.82.1,7120,c5ee4231d60b71556391d36f7b8f3acf664a7dd0be097ae86951bf5c025c76fe,558ded460b975f67fd0f43cf136a4e4896f3ca396ef2c1cad5b575ee23fef311,SHA-256,2026-09-05T00:29:24+00:00,,VT first submission,VirusTotal CLI download,https://www.virustotal.com/gui/file/c5ee4231d60b71556391d36f7b8f3acf664a7dd0be097ae86951bf5c025c76fe
Balad,Balad Play,com.baladmaps,4.82.1,7121,0936895d1635d0529e2d9a7c62cf4308faa39b743acb3bae63af4c2f31374813,558ded460b975f67fd0f43cf136a4e4896f3ca396ef2c1cad5b575ee23fef311,SHA-256,2026-08-06T11:36:11+00:00,,VT first submission,VirusTotal CLI download,https://www.virustotal.com/gui/file/0936895d1635d0529e2d9a7c62cf4308faa39b743acb3bae63af4c2f31374813
Balad,Balad Play,com.baladmaps,4.83.2,7150,c34c4cdb80c23a804d1442fe5114c25dea02c56757ba77bdbf83e067b4ec913a,558ded460b975f67fd0f43cf136a4e4896f3ca396ef2c1cad5b575ee23fef311,SHA-256,2026-09-28T10:39:56Z,,VT first submission,VirusTotal CLI download,https://www.virustotal.com/gui/file/c34c4cdb80c23a804d1442fe5114c25dea02c56757ba77bdbf83e067b4ec913a
Neshan,Neshan,org.rajman.neshan.traffic.tehran.navigator,14.7.9,70609,302ae08a526f7a97592568242c89703357063f85ded9024adc5d9ca495b79fe6,d36ef0cedc4eda76d161e2e4ca0d7718fe17b6421e59bdc2b3cb7812e64b78d4,SHA-256,2025-11-10,2025-11-10,archive upload,APKPure archived XAPK base,https://d.apkpure.net/b/XAPK/org.rajman.neshan.traffic.tehran.navigator?versionCode=70609&nc=arm64-v8a&sv=21
Neshan,Neshan,org.rajman.neshan.traffic.tehran.navigator,14.8.9,70620,681b4f975d40b9d0f1dfa9d5d6b79d59cbd3ca46746a6f9f013ef1e1bf7bcfd4,d36ef0cedc4eda76d161e2e4ca0d7718fe17b6421e59bdc2b3cb7812e64b78d4,SHA-256,2026-02-06T08:50:38+00:00,2026-01-27,VT first submission,APKPure archived XAPK base,https://www.virustotal.com/gui/file/681b4f975d40b9d0f1dfa9d5d6b79d59cbd3ca46746a6f9f013ef1e1bf7bcfd4
Neshan,Neshan,org.rajman.neshan.traffic.tehran.navigator,14.8.10,70626,947c4a9412ef577b29c87d87764b4e9e0e3ddfd1966bff2cbab83adb3f2f8115,d36ef0cedc4eda76d161e2e4ca0d7718fe17b6421e59bdc2b3cb7812e64b78d4,SHA-256,2026-02-19T08:13:35+00:00,2026-02-18,VT first submission,APKPure archived XAPK base,https://www.virustotal.com/gui/file/947c4a9412ef577b29c87d87764b4e9e0e3ddfd1966bff2cbab83adb3f2f8115
Neshan,Neshan,org.rajman.neshan.traffic.tehran.navigator,14.9.0.10,70657,3ff5a89d2beb88dcbabdb6890b6fc4a3ff1187236d3c1c8a1e80e32d97830a09,d36ef0cedc4eda76d161e2e4ca0d7718fe17b6421e59bdc2b3cb7812e64b78d4,SHA-256,2026-07-24T16:52:46+00:00,,VT first submission,VirusTotal CLI download,https://www.virustotal.com/gui/file/3ff5a89d2beb88dcbabdb6890b6fc4a3ff1187236d3c1c8a1e80e32d97830a09
Neshan,Neshan,org.rajman.neshan.traffic.tehran.navigator,14.10.2.3,70773,90499f420b9288d8574e9bf9ae01ee90b2dc1dabb3005877b8655468c204a698,d36ef0cedc4eda76d161e2e4ca0d7718fe17b6421e59bdc2b3cb7812e64b78d4,SHA-256,2026-06-06T13:43:49+00:00,2026-06-05,VT first submission,APKPure archived XAPK base,https://www.virustotal.com/gui/file/90499f420b9288d8574e9bf9ae01ee90b2dc1dabb3005877b8655468c204a698
Neshan,Neshan,org.rajman.neshan.traffic.tehran.navigator,14.11.0.4,70779,46c94e313dcc2ce34d8c528baf22093ec054ca6a26869a1ddb9e2a07358d284a,d36ef0cedc4eda76d161e2e4ca0d7718fe17b6421e59bdc2b3cb7812e64b78d4,SHA-256,2026-06-28,2026-06-28,archive upload,APKPure archived XAPK base,https://d.apkpure.net/b/XAPK/org.rajman.neshan.traffic.tehran.navigator?versionCode=70779&nc=arm64-v8a&sv=21
Neshan,Neshan,org.rajman.neshan.traffic.tehran.navigator,14.11.1.2,70782,27d043cba2c137e324b613391659d417cb8db0264838c5c972a18f8b889dbd47,d36ef0cedc4eda76d161e2e4ca0d7718fe17b6421e59bdc2b3cb7812e64b78d4,SHA-256,2026-07-06T18:56:21+00:00,2026-07-05,VT first submission,APKPure archived XAPK base,https://www.virustotal.com/gui/file/27d043cba2c137e324b613391659d417cb8db0264838c5c972a18f8b889dbd47
Neshan,Neshan,org.rajman.neshan.traffic.tehran.navigator,14.11.1.2,70782,4a785355c52c2f3fef3a162bf11a372e9903495bac15e50facd4ed210782cdda,d36ef0cedc4eda76d161e2e4ca0d7718fe17b6421e59bdc2b3cb7812e64b78d4,SHA-256,2026-07-22T21:06:47+00:00,,VT first submission,VirusTotal CLI download,https://www.virustotal.com/gui/file/4a785355c52c2f3fef3a162bf11a372e9903495bac15e50facd4ed210782cdda
Neshan,Neshan,org.rajman.neshan.traffic.tehran.navigator,14.11.1.2,70782,57005a00307f50fbca67eb3ca0660a75fca9f5bd65a21f2ecb270f2045d22c12,d36ef0cedc4eda76d161e2e4ca0d7718fe17b6421e59bdc2b3cb7812e64b78d4,SHA-256,2026-07-13T01:50:12+00:00,,VT first submission,VirusTotal CLI download,https://www.virustotal.com/gui/file/57005a00307f50fbca67eb3ca0660a75fca9f5bd65a21f2ecb270f2045d22c12
Neshan,Neshan,org.rajman.neshan.traffic.tehran.navigator,14.11.1.2,70782,a81218cf71b06fa2d8d85d68f39e868cc4821ef003e25e4d2513c9fb307534a0,d36ef0cedc4eda76d161e2e4ca0d7718fe17b6421e59bdc2b3cb7812e64b78d4,SHA-256,2026-07-24T07:19:12+00:00,,VT first submission,VirusTotal CLI download,https://www.virustotal.com/gui/file/a81218cf71b06fa2d8d85d68f39e868cc4821ef003e25e4d2513c9fb307534a0
Neshan,Neshan,org.rajman.neshan.traffic.tehran.navigator,14.11.1.2,70782,ca873deca23e803e1bbe2331fb2058ea5a8e3505bb329f5ba1a88ae143859683,d36ef0cedc4eda76d161e2e4ca0d7718fe17b6421e59bdc2b3cb7812e64b78d4,SHA-256,2026-08-10T18:38:11+00:00,,VT first submission,VirusTotal CLI download,https://www.virustotal.com/gui/file/ca873deca23e803e1bbe2331fb2058ea5a8e3505bb329f5ba1a88ae143859683
Neshan,Neshan,org.rajman.neshan.traffic.tehran.navigator,14.12.0.2,70786,73ce0ecf024edda270aefd8c1daa5a0e16e6c0a8cc6c757ebc648a6029c14e8f,d36ef0cedc4eda76d161e2e4ca0d7718fe17b6421e59bdc2b3cb7812e64b78d4,SHA-256,2026-08-11T07:07:26+00:00,,VT first submission,VirusTotal CLI download,https://www.virustotal.com/gui/file/73ce0ecf024edda270aefd8c1daa5a0e16e6c0a8cc6c757ebc648a6029c14e8f
Neshan,Neshan,org.rajman.neshan.traffic.tehran.navigator,14.12.0.3,70789,2545d8b067fa1f977618719ca10b571d201afa0bdd7642b7c94b448ad18307ca,d36ef0cedc4eda76d161e2e4ca0d7718fe17b6421e59bdc2b3cb7812e64b78d4,SHA-256,2026-08-18T00:19:22+00:00,2026-08-15,VT first submission,APKPure archived XAPK base,https://www.virustotal.com/gui/file/2545d8b067fa1f977618719ca10b571d201afa0bdd7642b7c94b448ad18307ca
Neshan,Neshan,org.rajman.neshan.traffic.tehran.navigator,14.12.0.3,70789,a5e32beb3aaea641787fdfd4b0cf64a741d6c9237a53155f4c66331531a39061,d36ef0cedc4eda76d161e2e4ca0d7718fe17b6421e59bdc2b3cb7812e64b78d4,SHA-256,2026-08-18T18:48:23+00:00,,VT first submission,VirusTotal CLI download,https://www.virustotal.com/gui/file/a5e32beb3aaea641787fdfd4b0cf64a741d6c9237a53155f4c66331531a39061
Neshan,Neshan,org.rajman.neshan.traffic.tehran.navigator,14.12.0.3,70789,b5b4dc541e3e6c6cee110ddfd7681652c18a7286b2ef78b139b568c2be8148aa,d36ef0cedc4eda76d161e2e4ca0d7718fe17b6421e59bdc2b3cb7812e64b78d4,SHA-256,2026-08-19T20:16:16+00:00,,VT first submission,VirusTotal CLI download,https://www.virustotal.com/gui/file/b5b4dc541e3e6c6cee110ddfd7681652c18a7286b2ef78b139b568c2be8148aa
Neshan,Neshan,org.rajman.neshan.traffic.tehran.navigator,14.12.0.3,70789,cb04dc605bdc0c4b622e0def4b953bd78e42bbb792a1714c392ed6968368e587,d36ef0cedc4eda76d161e2e4ca0d7718fe17b6421e59bdc2b3cb7812e64b78d4,SHA-256,2026-08-12T07:57:52+00:00,,VT first submission,VirusTotal CLI download,https://www.virustotal.com/gui/file/cb04dc605bdc0c4b622e0def4b953bd78e42bbb792a1714c392ed6968368e587
Neshan,Neshan,org.rajman.neshan.traffic.tehran.navigator,14.13.0.6,70794,02573f577f105cccf0f3b1d6453f9c1f8923a77c96351632c8bb97e98d430542,d36ef0cedc4eda76d161e2e4ca0d7718fe17b6421e59bdc2b3cb7812e64b78d4,SHA-256,2026-09-03T18:07:22+00:00,,VT first submission,VirusTotal CLI download,https://www.virustotal.com/gui/file/02573f577f105cccf0f3b1d6453f9c1f8923a77c96351632c8bb97e98d430542
Neshan,Neshan,org.rajman.neshan.traffic.tehran.navigator,14.13.0.6,70794,1fde5a7022979d12b814e9c5786ddfebc4079b1c1138c7ca751ffd1a6d3ae8b5,d36ef0cedc4eda76d161e2e4ca0d7718fe17b6421e59bdc2b3cb7812e64b78d4,SHA-256,2026-09-18T15:31:45+00:00,,VT first submission,VirusTotal CLI download,https://www.virustotal.com/gui/file/1fde5a7022979d12b814e9c5786ddfebc4079b1c1138c7ca751ffd1a6d3ae8b5
Neshan,Neshan,org.rajman.neshan.traffic.tehran.navigator,14.13.0.6,70794,24e8c96780668a13d7d3fb9780a0c52ccd1012f4ba06515d2f523506a98e5a0a,d36ef0cedc4eda76d161e2e4ca0d7718fe17b6421e59bdc2b3cb7812e64b78d4,SHA-256,2026-09-02T02:12:17+00:00,2026-09-01,VT first submission,APKPure archived XAPK base,https://www.virustotal.com/gui/file/24e8c96780668a13d7d3fb9780a0c52ccd1012f4ba06515d2f523506a98e5a0a
Neshan,Neshan,org.rajman.neshan.traffic.tehran.navigator,14.13.0.6,70794,51715415b9b475bd811e79fd01fd173c5e5dcdc233da6b41ca735ae4a169cd18,d36ef0cedc4eda76d161e2e4ca0d7718fe17b6421e59bdc2b3cb7812e64b78d4,SHA-256,2026-09-20T21:32:48+00:00,,VT first submission,VirusTotal CLI download,https://www.virustotal.com/gui/file/51715415b9b475bd811e79fd01fd173c5e5dcdc233da6b41ca735ae4a169cd18
Neshan,Neshan,org.rajman.neshan.traffic.tehran.navigator,14.13.0.6,70794,fdae18a4cc6e950d7bc9bdd21233900991ed5a888d7965b5dbd520b85937b0a7,d36ef0cedc4eda76d161e2e4ca0d7718fe17b6421e59bdc2b3cb7812e64b78d4,SHA-256,2026-09-05T14:08:15+00:00,,VT first submission,VirusTotal CLI download,https://www.virustotal.com/gui/file/fdae18a4cc6e950d7bc9bdd21233900991ed5a888d7965b5dbd520b85937b0a7
Snapp,Snapp driver,cab.snapp.driver,5.13.0,388,fe90f7e32b13ac51256a43cf60887143ee798ecccee01845c18297c3f7901358,d4a53349c840490fe943ada462843c521d5e6fdcfa60ad43cf6593397200f3bf,SHA-256,2025-12-19T01:41:37+00:00,,VT first submission,VirusTotal download,https://www.virustotal.com/gui/file/fe90f7e32b13ac51256a43cf60887143ee798ecccee01845c18297c3f7901358
Snapp,Snapp driver,cab.snapp.driver,5.15.0,392,74660538613dd5ccb077ed46a3124e9242258e1c139520642d5f1599613cbad4,d4a53349c840490fe943ada462843c521d5e6fdcfa60ad43cf6593397200f3bf,SHA-256,2026-04-13T13:19:53+00:00,,VT first submission,VirusTotal download,https://www.virustotal.com/gui/file/74660538613dd5ccb077ed46a3124e9242258e1c139520642d5f1599613cbad4
Snapp,Snapp driver,cab.snapp.driver,5.17.0,394,2c7bee97b304134c58aafc15d9935a55a9091488e2a200080353218932bfe671,d4a53349c840490fe943ada462843c521d5e6fdcfa60ad43cf6593397200f3bf,SHA-256,2026-07-26T19:10:53+00:00,,VT first submission,VirusTotal download,https://www.virustotal.com/gui/file/2c7bee97b304134c58aafc15d9935a55a9091488e2a200080353218932bfe671
Snapp,Snapp driver,cab.snapp.driver,5.17.0,394,92c08213268642ee3e6818e872f94aeb81469987b4db3334d5f171c3b7134520,d4a53349c840490fe943ada462843c521d5e6fdcfa60ad43cf6593397200f3bf,SHA-256,2026-08-04T07:03:57+00:00,,VT first submission,VirusTotal download,https://www.virustotal.com/gui/file/92c08213268642ee3e6818e872f94aeb81469987b4db3334d5f171c3b7134520
Snapp,Snapp driver,cab.snapp.driver,5.18.0,395,4053bbcd7746efc4439be98792e1a0c2b8fe6867ca0f75892d89d75ce7225077,d4a53349c840490fe943ada462843c521d5e6fdcfa60ad43cf6593397200f3bf,SHA-256,2026-09-05T14:05:38+00:00,,VT first submission,VirusTotal download,https://www.virustotal.com/gui/file/4053bbcd7746efc4439be98792e1a0c2b8fe6867ca0f75892d89d75ce7225077
Snapp,Snapp passenger,cab.snapp.passenger,8.37.0,297,05607c3aaaf7dccdba97bacab7a95b35ef9656565521fe2e246535d3d41e270e,a3284a8ca16be670f3d9d5b21111651f882df1506ecd2dbd0a6dcf21b5ad9f24,SHA-256,2025-12-15,2025-12-15,archive listing,APKPure direct archive,https://apkpure.net/snapp-%D8%A7%D8%B3%D9%86%D9%BE/cab.snapp.passenger/versions
Snapp,Snapp passenger,cab.snapp.passenger,8.38.0,298,3010c025224dd7291237c5f8ad6f783baf006d3b6b17e792e5e2fce571bed218,a3284a8ca16be670f3d9d5b21111651f882df1506ecd2dbd0a6dcf21b5ad9f24,SHA-256,2026-02-02T17:14:42+00:00,,VT first submission,VirusTotal download,https://www.virustotal.com/gui/file/3010c025224dd7291237c5f8ad6f783baf006d3b6b17e792e5e2fce571bed218
Snapp,Snapp passenger,cab.snapp.passenger,8.38.0,298,f97c6ca31be013bde648b5c7109a44830e07eac48f32eccb923ee0190725e8bc,a3284a8ca16be670f3d9d5b21111651f882df1506ecd2dbd0a6dcf21b5ad9f24,SHA-256,2026-01-07T05:32:51+00:00,,VT first submission,VirusTotal download,https://www.virustotal.com/gui/file/f97c6ca31be013bde648b5c7109a44830e07eac48f32eccb923ee0190725e8bc
Snapp,Snapp passenger,cab.snapp.passenger,8.39.0,299,d1d54f36650263dafce5e1c203b761e1bf32d238455c08536f571e43ef1b6003,a3284a8ca16be670f3d9d5b21111651f882df1506ecd2dbd0a6dcf21b5ad9f24,SHA-256,2026-03-02,2026-03-02,archive listing,APKPure direct archive,https://apkpure.net/snapp-%D8%A7%D8%B3%D9%86%D9%BE/cab.snapp.passenger/versions
Snapp,Snapp passenger,cab.snapp.passenger,8.40.0,300,29a13cb30700d55832a2cb8e684ce43bff7d339ea0a142ae9c992a78f744c1c1,a3284a8ca16be670f3d9d5b21111651f882df1506ecd2dbd0a6dcf21b5ad9f24,SHA-256,2026-06-09,2026-06-09,archive listing,APKPure direct archive,https://apkpure.net/snapp-%D8%A7%D8%B3%D9%86%D9%BE/cab.snapp.passenger/versions
Snapp,Snapp passenger,cab.snapp.passenger,8.41.1,302,82b949ac648b48013bd3e0ed4988284f93f2180bd0bb3716015ad4aeb3e7b04d,a3284a8ca16be670f3d9d5b21111651f882df1506ecd2dbd0a6dcf21b5ad9f24,SHA-256,2026-06-23,2026-06-23,archive listing,APKPure direct archive,https://apkpure.net/snapp-%D8%A7%D8%B3%D9%86%D9%BE/cab.snapp.passenger/versions
Snapp,Snapp passenger,cab.snapp.passenger,8.42.0,303,94edbc09dd4745daac331be3412779a6fa1778560432b5fa0e97fb96d34ab2cd,a3284a8ca16be670f3d9d5b21111651f882df1506ecd2dbd0a6dcf21b5ad9f24,SHA-256,2026-07-31T19:36:55+00:00,,VT first submission,VirusTotal download,https://www.virustotal.com/gui/file/94edbc09dd4745daac331be3412779a6fa1778560432b5fa0e97fb96d34ab2cd
Snapp,Snapp passenger,cab.snapp.passenger,8.42.1,304,6bc6ff0e3edd93fd63d3847db40a62c7e2dad5ed6d007cd577678e1f57989e55,a3284a8ca16be670f3d9d5b21111651f882df1506ecd2dbd0a6dcf21b5ad9f24,SHA-256,2026-08-18T07:15:51+00:00,,VT first submission,VirusTotal download,https://www.virustotal.com/gui/file/6bc6ff0e3edd93fd63d3847db40a62c7e2dad5ed6d007cd577678e1f57989e55
Snapp,Snapp passenger,cab.snapp.passenger,8.42.1,304,7b7cdc750b2e835405b8cf7819267e81a6c728f1d6120c0f8b8dc9407aeebdcb,a3284a8ca16be670f3d9d5b21111651f882df1506ecd2dbd0a6dcf21b5ad9f24,SHA-256,2026-08-11T03:13:13+00:00,,VT first submission,VirusTotal download,https://www.virustotal.com/gui/file/7b7cdc750b2e835405b8cf7819267e81a6c728f1d6120c0f8b8dc9407aeebdcb
Snapp,Snapp passenger,cab.snapp.passenger,8.42.2,305,98274eef67381e3d9b33d92f81529cf2a1cbcffb59b76f466c6e078a439fa943,a3284a8ca16be670f3d9d5b21111651f882df1506ecd2dbd0a6dcf21b5ad9f24,SHA-256,2026-09-01T07:26:31+00:00,,VT first submission,VirusTotal download,https://www.virustotal.com/gui/file/98274eef67381e3d9b33d92f81529cf2a1cbcffb59b76f466c6e078a439fa943
Snapp,Snapp passenger,cab.snapp.passenger,8.42.2,305,cc1139edc943b904e23e60b5e6c8cd8c0a0d6ff116007c8f4502189614cde1e0,a3284a8ca16be670f3d9d5b21111651f882df1506ecd2dbd0a6dcf21b5ad9f24,SHA-256,2026-08-21T20:19:19+00:00,,VT first submission,VirusTotal download,https://www.virustotal.com/gui/file/cc1139edc943b904e23e60b5e6c8cd8c0a0d6ff116007c8f4502189614cde1e0
Snapp,Snapp passenger,cab.snapp.passenger,8.42.2,305,fa0cbbc31a2d53cc4179d51acb0a86c70a1e44eabb838e37d6eb6265218e0bac,a3284a8ca16be670f3d9d5b21111651f882df1506ecd2dbd0a6dcf21b5ad9f24,SHA-256,2026-08-27T07:56:10+00:00,,VT first submission,VirusTotal download,https://www.virustotal.com/gui/file/fa0cbbc31a2d53cc4179d51acb0a86c70a1e44eabb838e37d6eb6265218e0bac
Tapsi,Tapsi driver,taxi.tap30.driver,7.13.6,1070130006,6846931cb14bb2a8b129ca8c158cda49bcdb409b3b6605ea8c21e921abf907b4,5fe0a9e3568b613177cd25fa855966509290f787,SHA-1,2026-08-16T12:32:25+00:00,,VT first submission,VirusTotal download,https://www.virustotal.com/gui/file/6846931cb14bb2a8b129ca8c158cda49bcdb409b3b6605ea8c21e921abf907b4
Tapsi,Tapsi driver,taxi.tap30.driver,7.16.0,1070160000,42fb0b26166a9281abb5b5f9081beed34b0f96622ef19ff071cd696be674e07a,5fe0a9e3568b613177cd25fa855966509290f787,SHA-1,2026-07-31T10:58:29+00:00,,VT first submission,VirusTotal download,https://www.virustotal.com/gui/file/42fb0b26166a9281abb5b5f9081beed34b0f96622ef19ff071cd696be674e07a
Tapsi,Tapsi driver,taxi.tap30.driver,7.21.0,1070210000,d2c9593c20027835f73448ea37b66ca358f2470b3e8125d94d184e4dba2ec8f8,5fe0a9e3568b613177cd25fa855966509290f787,SHA-1,2026-07-06T23:47:03+00:00,,VT first submission,VirusTotal download,https://www.virustotal.com/gui/file/d2c9593c20027835f73448ea37b66ca358f2470b3e8125d94d184e4dba2ec8f8
Tapsi,Tapsi driver,taxi.tap30.driver,7.29.0,1070290000,21de8b9c53a1d9ae367f52164a2cdec23b8287109c4c2f16d1babdef5c1bd832,5fe0a9e3568b613177cd25fa855966509290f787,SHA-1,2026-07-29T01:29:20+00:00,,VT first submission,VirusTotal download,https://www.virustotal.com/gui/file/21de8b9c53a1d9ae367f52164a2cdec23b8287109c4c2f16d1babdef5c1bd832
Tapsi,Tapsi driver,taxi.tap30.driver,8.1.3,1080010003,ba4e841ff5db7e5c30809c593a8c8743ff617ce7a3564cc9b826b2db0622b286,5fe0a9e3568b613177cd25fa855966509290f787,SHA-1,2026-07-12T22:52:50+00:00,,VT first submission,VirusTotal download,https://www.virustotal.com/gui/file/ba4e841ff5db7e5c30809c593a8c8743ff617ce7a3564cc9b826b2db0622b286
Tapsi,Tapsi driver,taxi.tap30.driver,8.3.0,1080030000,0eb1cc2aeb0f4f0728ad25e36982597ada8c2b65f9e806178ba6d5ecacd651a8,5fe0a9e3568b613177cd25fa855966509290f787,SHA-1,2026-07-24T07:20:14+00:00,,VT first submission,VirusTotal download,https://www.virustotal.com/gui/file/0eb1cc2aeb0f4f0728ad25e36982597ada8c2b65f9e806178ba6d5ecacd651a8
Tapsi,Tapsi driver,taxi.tap30.driver,8.6.0,1080060000,0be252561cba4ebb11123c0a68ed467cacf81a53836dffde7dfdae5e0a7cfa3c,5fe0a9e3568b613177cd25fa855966509290f787,SHA-1,2026-08-11T17:55:46+00:00,,VT first submission,VirusTotal download,https://www.virustotal.com/gui/file/0be252561cba4ebb11123c0a68ed467cacf81a53836dffde7dfdae5e0a7cfa3c
Tapsi,Tapsi driver,taxi.tap30.driver,8.6.0,1080060000,451a0387a6ca3445361fddb379814de439e8396b9b2e72b926171639949f6124,5fe0a9e3568b613177cd25fa855966509290f787,SHA-1,2026-08-15T07:40:32+00:00,,VT first submission,VirusTotal download,https://www.virustotal.com/gui/file/451a0387a6ca3445361fddb379814de439e8396b9b2e72b926171639949f6124
Tapsi,Tapsi driver,taxi.tap30.driver,8.7.1,1080070001,5860adc74cee8031aea5cc178e233cb9dbead051b2348bc49d51f32525b76f0b,5fe0a9e3568b613177cd25fa855966509290f787,SHA-1,2026-08-24T07:18:29+00:00,,VT first submission,VirusTotal download,https://www.virustotal.com/gui/file/5860adc74cee8031aea5cc178e233cb9dbead051b2348bc49d51f32525b76f0b
Tapsi,Tapsi driver,taxi.tap30.driver,8.7.2,1080070002,7d660e3b664db3694db6b18bb7e2a720b0454e27b272180906e6b45dcf8eb7b3,5fe0a9e3568b613177cd25fa855966509290f787,SHA-1,2026-08-29T07:18:47+00:00,,VT first submission,VirusTotal download,https://www.virustotal.com/gui/file/7d660e3b664db3694db6b18bb7e2a720b0454e27b272180906e6b45dcf8eb7b3
Tapsi,Tapsi driver,taxi.tap30.driver,8.8.0,1080080000,1647b9af56b3923ac8a32c3ee9aeb9513563d73a86181f1db05a10f3bbed95a4,5fe0a9e3568b613177cd25fa855966509290f787,SHA-1,2026-09-14T18:28:54+00:00,,VT first submission,VirusTotal download,https://www.virustotal.com/gui/file/1647b9af56b3923ac8a32c3ee9aeb9513563d73a86181f1db05a10f3bbed95a4
Tapsi,Tapsi driver,taxi.tap30.driver,8.8.0,1080080000,4f26428e71051bcf116cc97d33670adf76f24cafe8b1e1a550e19eb42a94ee47,5fe0a9e3568b613177cd25fa855966509290f787,SHA-1,2026-09-05T14:06:23+00:00,,VT first submission,VirusTotal download,https://www.virustotal.com/gui/file/4f26428e71051bcf116cc97d33670adf76f24cafe8b1e1a550e19eb42a94ee47
Tapsi,Tapsi driver,taxi.tap30.driver,8.9.0,1080090000,d22f8ff81c2b2b7cd763019b8fc021b93b577c8fa35b1528d4fa498310aaeff2,5fe0a9e3568b613177cd25fa855966509290f787,SHA-1,2026-09-22T03:36:16+00:00,,VT first submission,VirusTotal download,https://www.virustotal.com/gui/file/d22f8ff81c2b2b7cd763019b8fc021b93b577c8fa35b1528d4fa498310aaeff2
Tapsi,Tapsi passenger,taxi.tap30.passenger,7.3.0,107003000,0339673d8d859cf58c1393d314427ddfecacefd4c9e9e732394629269b03e1b8,35d24e03450deb7e7b06fb28f26f690d847333f7,SHA-1,2026-07-24T16:45:48+00:00,,VT first submission,VirusTotal download,https://www.virustotal.com/gui/file/0339673d8d859cf58c1393d314427ddfecacefd4c9e9e732394629269b03e1b8
Tapsi,Tapsi passenger,taxi.tap30.passenger,7.6.6,107006006,4d69283ef035cd6eac59cdaec9f777d4138f19eb15a32bdfc51b7cd0c07440f2,35d24e03450deb7e7b06fb28f26f690d847333f7,SHA-1,2026-09-07T20:42:37+00:00,,VT first submission,VirusTotal download,https://www.virustotal.com/gui/file/4d69283ef035cd6eac59cdaec9f777d4138f19eb15a32bdfc51b7cd0c07440f2
Tapsi,Tapsi passenger,taxi.tap30.passenger,7.7.0,107007000,8361c7cf1c163edcac0afa7eaabb7d596c702ed8cb4385748b4d6b6f34941323,35d24e03450deb7e7b06fb28f26f690d847333f7,SHA-1,2026-06-12T04:53:15+00:00,,VT first submission,VirusTotal download,https://www.virustotal.com/gui/file/8361c7cf1c163edcac0afa7eaabb7d596c702ed8cb4385748b4d6b6f34941323
Tapsi,Tapsi passenger,taxi.tap30.passenger,7.8.4,107008004,e7e7597fcc8e2dc93535bd8eebd862433da34c1c67a1c73120e3268a84ae2869,35d24e03450deb7e7b06fb28f26f690d847333f7,SHA-1,2026-07-19T16:38:21+00:00,,VT first submission,VirusTotal download,https://www.virustotal.com/gui/file/e7e7597fcc8e2dc93535bd8eebd862433da34c1c67a1c73120e3268a84ae2869
Tapsi,Tapsi passenger,taxi.tap30.passenger,7.10.0,107010000,b72744d23b6289908a9a58bcceaa3c1cdbfdee58a71ee2c30c906c81ceb574e1,35d24e03450deb7e7b06fb28f26f690d847333f7,SHA-1,2026-07-22T05:56:04+00:00,,VT first submission,VirusTotal download,https://www.virustotal.com/gui/file/b72744d23b6289908a9a58bcceaa3c1cdbfdee58a71ee2c30c906c81ceb574e1
Tapsi,Tapsi passenger,taxi.tap30.passenger,7.11.0,107011000,09ce6ebe437a5999c86a2bb62f7a6472febb4e3b96f8193b4f1bad12ef7a6240,35d24e03450deb7e7b06fb28f26f690d847333f7,SHA-1,2026-07-28T02:10:04+00:00,,VT first submission,VirusTotal download,https://www.virustotal.com/gui/file/09ce6ebe437a5999c86a2bb62f7a6472febb4e3b96f8193b4f1bad12ef7a6240
Tapsi,Tapsi passenger,taxi.tap30.passenger,7.11.0,107011000,312ce9954b7e0dd2cd32654f9a6973e11e2082cc25f65d446d0ce89e3d42867a,35d24e03450deb7e7b06fb28f26f690d847333f7,SHA-1,2026-07-31T15:00:48+00:00,,VT first submission,VirusTotal download,https://www.virustotal.com/gui/file/312ce9954b7e0dd2cd32654f9a6973e11e2082cc25f65d446d0ce89e3d42867a
Tapsi,Tapsi passenger,taxi.tap30.passenger,7.11.0,107011000,efb5f1bbc6075e6b11a4b78123a8f85dfe5ff3307f0298d348cc3d9607af1051,35d24e03450deb7e7b06fb28f26f690d847333f7,SHA-1,2026-07-29T07:42:30+00:00,,VT first submission,VirusTotal download,https://www.virustotal.com/gui/file/efb5f1bbc6075e6b11a4b78123a8f85dfe5ff3307f0298d348cc3d9607af1051
Tapsi,Tapsi passenger,taxi.tap30.passenger,7.12.0,107012000,18a9e4b350df55316323f615b0b2bbafdc3459daedbba16b1757e5dc9c7269b2,35d24e03450deb7e7b06fb28f26f690d847333f7,SHA-1,2026-08-04T23:45:35+00:00,,VT first submission,VirusTotal download,https://www.virustotal.com/gui/file/18a9e4b350df55316323f615b0b2bbafdc3459daedbba16b1757e5dc9c7269b2
Tapsi,Tapsi passenger,taxi.tap30.passenger,7.12.0,107012000,862b644c0b5d649ab42d513756415b724e0042aaf8125a59b95300840f078c88,35d24e03450deb7e7b06fb28f26f690d847333f7,SHA-1,2026-08-06T02:16:20+00:00,,VT first submission,VirusTotal download,https://www.virustotal.com/gui/file/862b644c0b5d649ab42d513756415b724e0042aaf8125a59b95300840f078c88
Tapsi,Tapsi passenger,taxi.tap30.passenger,8.0.1,108000001,82700832b84eafd9634e716aeaa6f1af4230656961e483696d2315d4ff2aca2e,35d24e03450deb7e7b06fb28f26f690d847333f7,SHA-1,2026-08-24T07:18:29+00:00,,VT first submission,VirusTotal download,https://www.virustotal.com/gui/file/82700832b84eafd9634e716aeaa6f1af4230656961e483696d2315d4ff2aca2e
Tapsi,Tapsi passenger,taxi.tap30.passenger,8.0.1,108000001,e562d85b5db3322045b20fb687e5792c07e0171fbdf28eedea5834377aae0915,35d24e03450deb7e7b06fb28f26f690d847333f7,SHA-1,2026-08-16T13:47:24+00:00,,VT first submission,VirusTotal download,https://www.virustotal.com/gui/file/e562d85b5db3322045b20fb687e5792c07e0171fbdf28eedea5834377aae0915
Tapsi,Tapsi passenger,taxi.tap30.passenger,8.1.1,108001001,e1181ff79f9e571e13601c3711e2dc3da2d0dc7f9e65f24170a0486808d1f115,35d24e03450deb7e7b06fb28f26f690d847333f7,SHA-1,2026-08-29T07:18:39+00:00,,VT first submission,VirusTotal download,https://www.virustotal.com/gui/file/e1181ff79f9e571e13601c3711e2dc3da2d0dc7f9e65f24170a0486808d1f115
Tapsi,Tapsi passenger,taxi.tap30.passenger,8.1.2,108001002,7d7a2c090eba14a22329d185ffbfdc6d7b41e3a6cc9a11f40cf56114da679059,35d24e03450deb7e7b06fb28f26f690d847333f7,SHA-1,2026-09-02T02:01:26+00:00,,VT first submission,VirusTotal download,https://www.virustotal.com/gui/file/7d7a2c090eba14a22329d185ffbfdc6d7b41e3a6cc9a11f40cf56114da679059
Tapsi,Tapsi passenger,taxi.tap30.passenger,8.1.2,108001002,ccba5ca29e7b6e38d95dd97db1ceb283063ee6c727ee8a5d607975e4ad6f0b9e,35d24e03450deb7e7b06fb28f26f690d847333f7,SHA-1,2026-08-27T08:36:50+00:00,,VT first submission,VirusTotal download,https://www.virustotal.com/gui/file/ccba5ca29e7b6e38d95dd97db1ceb283063ee6c727ee8a5d607975e4ad6f0b9e
Tapsi,Tapsi passenger,taxi.tap30.passenger,8.2.0,108002000,0453b600606c508a66a812ac528b120ce3795438ae9684960c606a6b868d59c7,35d24e03450deb7e7b06fb28f26f690d847333f7,SHA-1,2026-09-12T21:22:18+00:00,,VT first submission,VirusTotal download,https://www.virustotal.com/gui/file/0453b600606c508a66a812ac528b120ce3795438ae9684960c606a6b868d59c7
Tapsi,Tapsi passenger,taxi.tap30.passenger,8.2.0,108002000,316cac173091e2a8c2b0ae9d702f4a4afd0000cb580ffc058662df4a15051d1e,35d24e03450deb7e7b06fb28f26f690d847333f7,SHA-1,2026-09-06T07:51:00+00:00,,VT first submission,VirusTotal download,https://www.virustotal.com/gui/file/316cac173091e2a8c2b0ae9d702f4a4afd0000cb580ffc058662df4a15051d1e
Tapsi,Tapsi passenger,taxi.tap30.passenger,8.2.0,108002000,5f6797af592f8434cd12af95a14db6f07d228ca1a62473e69f8612fb6582c025,35d24e03450deb7e7b06fb28f26f690d847333f7,SHA-1,2026-09-05T14:45:39+00:00,,VT first submission,VirusTotal download,https://www.virustotal.com/gui/file/5f6797af592f8434cd12af95a14db6f07d228ca1a62473e69f8612fb6582c025
Tapsi,Tapsi passenger,taxi.tap30.passenger,8.3.0,108003000,fb7bb0d41287c83626ad18ba5d3a1845230deed5094615d80d39b855611271e1,35d24e03450deb7e7b06fb28f26f690d847333f7,SHA-1,2026-09-24T09:21:50+00:00,,VT first submission,VirusTotal download,https://www.virustotal.com/gui/file/fb7bb0d41287c83626ad18ba5d3a1845230deed5094615d80d39b855611271e1
Tapsi,Tapsi passenger,taxi.tap30.passenger,8.4.0,108004000,1cb3b380f7a685139266f8ce5db09e4117442268b57fa9746c6ffcb2acec9152,35d24e03450deb7e7b06fb28f26f690d847333f7,SHA-1,2026-09-30T04:35:17+00:00,,VT first submission,VirusTotal download,https://www.virustotal.com/gui/file/1cb3b380f7a685139266f8ce5db09e4117442268b57fa9746c6ffcb2acec9152
