type,value,version,version_code,route,observed_date,date_basis,confidence,context,vt_url
apk_sha256,ee36859f872cf5cf3723f0cfde50adf5c61409a273ff268d6d0660f83c326a81,11.8.1,230202172,push,2023-05-14T18:18:47Z,VirusTotal first submission UTC,high / exact signed APK,"Known delivery route, receiver and worker present; static capability only",https://www.virustotal.com/gui/file/ee36859f872cf5cf3723f0cfde50adf5c61409a273ff268d6d0660f83c326a81
apk_sha256,caa357ad191d77af83eb5a87471f64be66abd961663164470f4dc55a8b019101,11.8.2,230202311,push,2023-05-29T20:56:01Z,VirusTotal first submission UTC,high / exact signed APK,"Known delivery route, receiver and worker present; static capability only",https://www.virustotal.com/gui/file/caa357ad191d77af83eb5a87471f64be66abd961663164470f4dc55a8b019101
apk_sha256,15e4a710e995a020f26511930d8efd195e6f3707d4740ac7e2390581fe6e0432,11.8.3,230203161,push,2023-06-12T22:21:58Z,VirusTotal first submission UTC,high / exact signed APK,"Known delivery route, receiver and worker present; static capability only",https://www.virustotal.com/gui/file/15e4a710e995a020f26511930d8efd195e6f3707d4740ac7e2390581fe6e0432
apk_sha256,2cc3886acb7d777c180e98f61aaba2465f19b251ded63558131ebb27659fab8a,11.8.5,230204111,push,2023-07-12T12:16:11Z,VirusTotal first submission UTC,high / exact signed APK,"Known delivery route, receiver and worker present; static capability only",https://www.virustotal.com/gui/file/2cc3886acb7d777c180e98f61aaba2465f19b251ded63558131ebb27659fab8a/details
apk_sha256,4292f192844c496a2b75f90f40f1ff789d6c35664ad40641c7a89c0da5e889d0,11.9.0,230205081,push,2023-08-07T04:30:08Z,VirusTotal first submission UTC,high / exact signed APK,"Known delivery route, receiver and worker present; static capability only",https://www.virustotal.com/gui/file/4292f192844c496a2b75f90f40f1ff789d6c35664ad40641c7a89c0da5e889d0/details
apk_sha256,61053573a1a15a04e6ea45ca4b8e489bbad9678be067cc3d27da10c6b3f100eb,11.9.3,230822020,push,2023-08-23T12:50:13Z,VirusTotal first submission UTC,high / exact signed APK,"Known delivery route, receiver and worker present; static capability only",https://www.virustotal.com/gui/file/61053573a1a15a04e6ea45ca4b8e489bbad9678be067cc3d27da10c6b3f100eb/details
apk_sha256,4b6baad65804ba42637bada56d972f8c956e904fbdd7c8cabc35897a4f2af606,11.9.6,230925010,push,2023-12-14,Uptodown archive lastUpdate,high / exact signed APK,"Known delivery route, receiver and worker present; static capability only",https://www.virustotal.com/gui/file/4b6baad65804ba42637bada56d972f8c956e904fbdd7c8cabc35897a4f2af606/details
apk_sha256,ed7562ae404f7f25ba6dc21ebdd5af01e81e50f282d5a8479eae0cb0415bee65,11.9.7,230925020,push,2023-10-03T12:43:49Z,VirusTotal first submission UTC,high / exact signed APK,"Known delivery route, receiver and worker present; static capability only",https://www.virustotal.com/gui/file/ed7562ae404f7f25ba6dc21ebdd5af01e81e50f282d5a8479eae0cb0415bee65/details
apk_sha256,3a4054a68fdb4156c250ff9f51ab1faabdb7e56529b21f96e0d9e9f7d868d48f,11.9.8,231008010,push,2023-10-16T17:04:06Z,VirusTotal first submission UTC,high / exact signed APK,"Known delivery route, receiver and worker present; static capability only",https://www.virustotal.com/gui/file/3a4054a68fdb4156c250ff9f51ab1faabdb7e56529b21f96e0d9e9f7d868d48f/details
apk_sha256,0c0f91c55fb7a09e4eb0903bfff67819671c1bd232aad4eec3e39126ce61ab68,11.9.9,231022010,push,2023-10-30T13:42:51Z,VirusTotal first submission UTC,high / exact signed APK,"Known delivery route, receiver and worker present; static capability only",https://www.virustotal.com/gui/file/0c0f91c55fb7a09e4eb0903bfff67819671c1bd232aad4eec3e39126ce61ab68/details
apk_sha256,5e999bf5506802ff1450895ae079a6fef927f7cab93e62103fce61dbd845a510,11.10.0,231105010,push,2023-11-13T03:47:59Z,VirusTotal first submission UTC,high / exact signed APK,"Known delivery route, receiver and worker present; static capability only",https://www.virustotal.com/gui/file/5e999bf5506802ff1450895ae079a6fef927f7cab93e62103fce61dbd845a510/details
apk_sha256,51055520dab6e7b0d7e8c3344d9493dfdc00a74857a0fcfd926d658451c70fe5,11.10.1,231119010,push,2023-11-26,Uptodown archive lastUpdate,high / exact signed APK,"Known delivery route, receiver and worker present; static capability only",https://www.virustotal.com/gui/file/51055520dab6e7b0d7e8c3344d9493dfdc00a74857a0fcfd926d658451c70fe5/details
apk_sha256,f3e10444baa34b66365794735cefab414a04291d9026d021b1e5ac50927de781,11.10.2,231204020,push,2023-12-10T19:48:06Z,VirusTotal first submission UTC,high / exact signed APK,"Known delivery route, receiver and worker present; static capability only",https://www.virustotal.com/gui/file/f3e10444baa34b66365794735cefab414a04291d9026d021b1e5ac50927de781/details
apk_sha256,414dc672823219b6e1be765d4f0017a00c32949132b6ac999683fbf568e84318,11.10.3,231218010,push,2023-12-25T20:27:12Z,VirusTotal first submission UTC,high / exact signed APK,"Known delivery route, receiver and worker present; static capability only",https://www.virustotal.com/gui/file/414dc672823219b6e1be765d4f0017a00c32949132b6ac999683fbf568e84318/details
apk_sha256,3c596f76c07e2121bdf4d9e4ae2dbb15314a80479ed51d1da103602d5b1f1428,11.10.4,240101010,push,2024-01-08T11:48:35Z,VirusTotal first submission UTC,high / exact signed APK,"Known delivery route, receiver and worker present; static capability only",https://www.virustotal.com/gui/file/3c596f76c07e2121bdf4d9e4ae2dbb15314a80479ed51d1da103602d5b1f1428/details
apk_sha256,1d1ad55653dc443f51c3aa58e18c171aa2d04d4e27c10d1f5382268968c817f9,11.10.5,240114010,push,2024-01-23T18:32:35Z,VirusTotal first submission UTC,high / exact signed APK,"Known delivery route, receiver and worker present; static capability only",https://www.virustotal.com/gui/file/1d1ad55653dc443f51c3aa58e18c171aa2d04d4e27c10d1f5382268968c817f9/details
apk_sha256,275a0810e7a4ae471941e85db77c9cf3a3638347d0c7e181bedce7bd8db0a68c,11.10.6,240128010,push,2024-02-05T04:44:12Z,VirusTotal first submission UTC,high / exact signed APK,"Known delivery route, receiver and worker present; static capability only",https://www.virustotal.com/gui/file/275a0810e7a4ae471941e85db77c9cf3a3638347d0c7e181bedce7bd8db0a68c/details
apk_sha256,df0c10f5adf70f800956a5d1af501eb2cd162314afe5f48bec503e21cec6062b,11.10.7,240212010,push,2024-02-19T17:22:30Z,VirusTotal first submission UTC,high / exact signed APK,"Known delivery route, receiver and worker present; static capability only",https://www.virustotal.com/gui/file/df0c10f5adf70f800956a5d1af501eb2cd162314afe5f48bec503e21cec6062b/details
apk_sha256,c94ceb21fe6c9c19cf0c4ae1cd3b379f7988e816d933ae53ad7c3c40c3c75fa5,11.11.0,240228010,push,2024-03-10T13:58:59+00:00,VirusTotal first submission UTC,high / exact signed APK,"Known delivery route, receiver and worker present; static capability only",https://www.virustotal.com/gui/file/c94ceb21fe6c9c19cf0c4ae1cd3b379f7988e816d933ae53ad7c3c40c3c75fa5
apk_sha256,9cc99f0b2ce752539a08202893b5332de7d463f85019e347a9fa5c9c730ee571,11.11.1,240407010,push,2024-04-16T10:44:02+00:00,VirusTotal first submission UTC,high / exact signed APK,"Known delivery route, receiver and worker present; static capability only",https://www.virustotal.com/gui/file/9cc99f0b2ce752539a08202893b5332de7d463f85019e347a9fa5c9c730ee571
apk_sha256,12fc26635370d930f2d9bc85867884dd883ae818ac0c4976d7caaab2845086a9,11.11.2,240421010,push,2024-04-28T10:04:21+00:00,VirusTotal first submission UTC,high / exact signed APK,"Known delivery route, receiver and worker present; static capability only",https://www.virustotal.com/gui/file/12fc26635370d930f2d9bc85867884dd883ae818ac0c4976d7caaab2845086a9
apk_sha256,67553b6a1b075f11e0f33059f990dd2244b872597c5ef2d34e5a1c39c9e894bc,11.11.3,240505010,push,2024-05-14T14:43:28+00:00,VirusTotal first submission UTC,high / exact signed APK,"Known delivery route, receiver and worker present; static capability only",https://www.virustotal.com/gui/file/67553b6a1b075f11e0f33059f990dd2244b872597c5ef2d34e5a1c39c9e894bc
apk_sha256,06cfa492875677974690eab2a0476a8dd72aaccbfcc653019fdd277625efa269,11.11.4,240519020,push,2024-05-27T11:40:49+00:00,VirusTotal first submission UTC,high / exact signed APK,"Known delivery route, receiver and worker present; static capability only",https://www.virustotal.com/gui/file/06cfa492875677974690eab2a0476a8dd72aaccbfcc653019fdd277625efa269
apk_sha256,18cb05e733f71d88b76466ebde6df56d5b49fc94e4a223029cd1cbe6fd41cd6b,11.12.0,240616010,push,2024-06-24T07:44:23+00:00,VirusTotal first submission UTC,high / exact signed APK,"Known delivery route, receiver and worker present; static capability only",https://www.virustotal.com/gui/file/18cb05e733f71d88b76466ebde6df56d5b49fc94e4a223029cd1cbe6fd41cd6b
apk_sha256,5d3d3452298cfc76d3393f7eafec35c638e0797a81e0bbebe3b1738cb0fc294e,11.12.1,240701010,push,2024-07-09T12:13:30+00:00,VirusTotal first submission UTC,high / exact signed APK,"Known delivery route, receiver and worker present; static capability only",https://www.virustotal.com/gui/file/5d3d3452298cfc76d3393f7eafec35c638e0797a81e0bbebe3b1738cb0fc294e
apk_sha256,3134990f4fcf66ea5c291ad107e56a7b8869278e44ed0140824c11bb820b5ac5,11.12.2,240728010,push,2024-08-05T18:38:43+00:00,VirusTotal first submission UTC,high / exact signed APK,"Known delivery route, receiver and worker present; static capability only",https://www.virustotal.com/gui/file/3134990f4fcf66ea5c291ad107e56a7b8869278e44ed0140824c11bb820b5ac5
apk_sha256,4a26e750da01879e91dc3d823a08038eec0b02074dcb5161e3fcc4c644502183,11.12.3,240811010,push,2024-08-19T08:00:21+00:00,VirusTotal first submission UTC,high / exact signed APK,"Known delivery route, receiver and worker present; static capability only",https://www.virustotal.com/gui/file/4a26e750da01879e91dc3d823a08038eec0b02074dcb5161e3fcc4c644502183
apk_sha256,38d27f25b59c81998467b928878d7de0adc85a2a5f02756180812e1cc75b3ab0,11.12.4,240826020,push,2024-09-01T11:41:39+00:00,VirusTotal first submission UTC,high / exact signed APK,"Known delivery route, receiver and worker present; static capability only",https://www.virustotal.com/gui/file/38d27f25b59c81998467b928878d7de0adc85a2a5f02756180812e1cc75b3ab0
apk_sha256,81bfd39bbc5b395a61a6dd804b6802fd28091564d2ae28cd77a2fbedb80da0de,11.12.5,240908010,push,2024-09-14T19:55:42+00:00,VirusTotal first submission UTC,high / exact signed APK,"Known delivery route, receiver and worker present; static capability only",https://www.virustotal.com/gui/file/81bfd39bbc5b395a61a6dd804b6802fd28091564d2ae28cd77a2fbedb80da0de
apk_sha256,d73ad3784f54f2fa31a089579a8d13cf19a12f76e18cb5aeea71e1524e09232d,11.12.6,240923010,push,2024-09-29T20:53:46+00:00,VirusTotal first submission UTC,high / exact signed APK,"Known delivery route, receiver and worker present; static capability only",https://www.virustotal.com/gui/file/d73ad3784f54f2fa31a089579a8d13cf19a12f76e18cb5aeea71e1524e09232d
apk_sha256,b5bc08eabc46703a481952fa4487ca9d6800fb13f4892662b850f2ccfc2e5a38,11.12.7,241006010,push,2024-10-13T16:43:17+00:00,VirusTotal first submission UTC,high / exact signed APK,"Known delivery route, receiver and worker present; static capability only",https://www.virustotal.com/gui/file/b5bc08eabc46703a481952fa4487ca9d6800fb13f4892662b850f2ccfc2e5a38
apk_sha256,ffba625120a34a9c189ab25ecf4fcb0945548355364bdbdf964c532e80153830,11.12.8,241020010,push,2024-10-27T16:06:04Z,VirusTotal first submission UTC,high / exact signed APK,"Known delivery route, receiver and worker present; static capability only",https://www.virustotal.com/gui/file/ffba625120a34a9c189ab25ecf4fcb0945548355364bdbdf964c532e80153830/details
apk_sha256,dd36f4a146deb55247917552063bfcc6854ec3efb93a5e438cddf9cfed689cc8,11.13.0,241104010,push,2024-11-10T15:52:53+00:00,VirusTotal first submission UTC,high / exact signed APK,"Known delivery route, receiver and worker present; static capability only",https://www.virustotal.com/gui/file/dd36f4a146deb55247917552063bfcc6854ec3efb93a5e438cddf9cfed689cc8
apk_sha256,b93266fbbb29718c77a4dfaa26a4e0a181a9ab14112a53ba82c1a1a6469918d6,11.13.1,241117010,push,2024-11-23T21:51:46+00:00,VirusTotal first submission UTC,high / exact signed APK,"Known delivery route, receiver and worker present; static capability only",https://www.virustotal.com/gui/file/b93266fbbb29718c77a4dfaa26a4e0a181a9ab14112a53ba82c1a1a6469918d6
apk_sha256,677cd05adc9a448f963f9386e2d89174a745768e31031053a40b9c0cbcd8887c,11.13.2,241201010,push,2024-12-09T09:14:02Z,VirusTotal first submission UTC,high / exact signed APK,"Known delivery route, receiver and worker present; static capability only",https://www.virustotal.com/gui/file/677cd05adc9a448f963f9386e2d89174a745768e31031053a40b9c0cbcd8887c
apk_sha256,58c59c8f1c35b02223e6a4cb75a1982c0419c1f24711b9d843d169ccda073a0e,11.13.3,241215010,push,2024-12-21T21:51:12Z,VirusTotal first submission UTC,high / exact signed APK,"Known delivery route, receiver and worker present; static capability only",https://www.virustotal.com/gui/file/58c59c8f1c35b02223e6a4cb75a1982c0419c1f24711b9d843d169ccda073a0e
apk_sha256,2352ff767432cc214f5bd51da881ba5a2d4feda4739867b9aa9ea123ada53b94,11.13.4,241229010,push,2025-01-04T16:25:19Z,VirusTotal first submission UTC,high / exact signed APK,"Known delivery route, receiver and worker present; static capability only",https://www.virustotal.com/gui/file/2352ff767432cc214f5bd51da881ba5a2d4feda4739867b9aa9ea123ada53b94
apk_sha256,9ef4641c7ab7e99722961c2475c5bae2b2d56424b326c606e0307a6aa3c75e42,11.13.5,250112010,push,2025-01-20T07:28:54Z,VirusTotal first submission UTC,high / exact signed APK,"Known delivery route, receiver and worker present; static capability only",https://www.virustotal.com/gui/file/9ef4641c7ab7e99722961c2475c5bae2b2d56424b326c606e0307a6aa3c75e42
apk_sha256,da2828e05e6756d33f700d7db948f457b9a8c62319c112d39bfe397f32eee7e7,11.13.6,250126010,push,2025-02-03T05:41:57Z,VirusTotal first submission UTC,high / exact signed APK,"Known delivery route, receiver and worker present; static capability only",https://www.virustotal.com/gui/file/da2828e05e6756d33f700d7db948f457b9a8c62319c112d39bfe397f32eee7e7
apk_sha256,28f91e4107cd90d63771b43ae9e8e2aa56784a09cdbfee945ef7fc1fd93a22cb,11.13.7,250209010,push,2025-02-18T10:10:33Z,VirusTotal first submission UTC,high / exact signed APK,"Known delivery route, receiver and worker present; static capability only",https://www.virustotal.com/gui/file/28f91e4107cd90d63771b43ae9e8e2aa56784a09cdbfee945ef7fc1fd93a22cb
apk_sha256,df2c7fa3f55b2abec34f8e178230dcfd1401edf10f6a9d6e1b4a674ac61c1139,11.13.8,250302010,push,2025-03-10T18:02:48Z,VirusTotal first submission UTC,high / exact signed APK,"Known delivery route, receiver and worker present; static capability only",https://www.virustotal.com/gui/file/df2c7fa3f55b2abec34f8e178230dcfd1401edf10f6a9d6e1b4a674ac61c1139
apk_sha256,7d5b766309ebdbf1cf58a2a8f8a563b3ebf18c66df8d69416de02f01999fb6eb,11.13.9,250407010,push,2025-04-14T12:03:51+00:00,VirusTotal first submission UTC,high / exact signed APK,"Known delivery route, receiver and worker present; static capability only",https://www.virustotal.com/gui/file/7d5b766309ebdbf1cf58a2a8f8a563b3ebf18c66df8d69416de02f01999fb6eb
apk_sha256,c8b6a3a01d28ed82372ae33b485eb2b4d115c1f195ca1fa42482bda3b7afef64,11.13.10,250420010,push,2025-04-28T19:03:42+00:00,VirusTotal first submission UTC,high / exact signed APK,"Known delivery route, receiver and worker present; static capability only",https://www.virustotal.com/gui/file/c8b6a3a01d28ed82372ae33b485eb2b4d115c1f195ca1fa42482bda3b7afef64
apk_sha256,9f232774bfacd3bdbac960a2ce957ae619c88db8b836f2136794612f5bfacf5d,11.13.11,250420020,push,2025-05-03T16:42:57Z,VirusTotal first submission UTC,high / exact signed APK,"Known delivery route, receiver and worker present; static capability only",https://www.virustotal.com/gui/file/9f232774bfacd3bdbac960a2ce957ae619c88db8b836f2136794612f5bfacf5d/details
apk_sha256,9e6a9955d9b6e1db5636d4213c386944da8e740170f4e6159b2ecb202decb0db,11.14.10,260208010,push,2026-02-24T09:24:57Z,VirusTotal first submission UTC,high / exact signed APK,"Known delivery route, receiver and worker present; static capability only",https://www.virustotal.com/gui/file/9e6a9955d9b6e1db5636d4213c386944da8e740170f4e6159b2ecb202decb0db/details
apk_sha256,c0b2074818d089cd18bc1b00b62d8999f889eb39b2f03f0923496c9fbc3ca929,11.14.11,260303010,push,2026-03-20T09:53:07Z,VirusTotal first submission UTC,high / exact signed APK,"Known delivery route, receiver and worker present; static capability only",https://www.virustotal.com/gui/file/c0b2074818d089cd18bc1b00b62d8999f889eb39b2f03f0923496c9fbc3ca929/details
apk_sha256,fba2441f0030de7392d9e30e2ff629bd1e1d7cf9aa3cfc522e8d85330d7f191c,11.14.11,260303010,push,2026-05-29T00:58:06Z,VirusTotal first submission UTC,high / exact signed APK,"Known delivery route, receiver and worker present; static capability only",https://www.virustotal.com/gui/file/fba2441f0030de7392d9e30e2ff629bd1e1d7cf9aa3cfc522e8d85330d7f191c/details
apk_sha256,85b3a2826986f61b583475a9f88570b082cc4e5cae30f409117bf9bbc750ece1,11.14.12,260428010,both,2026-05-24T21:50:07Z,VirusTotal first submission UTC,high / exact signed APK,"Known delivery route, receiver and worker present; static capability only",https://www.virustotal.com/gui/file/85b3a2826986f61b583475a9f88570b082cc4e5cae30f409117bf9bbc750ece1/details
apk_sha256,152c788fd27af2d9115d55bc1e18d8ea70dca107a2747dabe74576041b77fac9,11.14.12.1,260428020,both,2026-05-28T11:28:14Z,VirusTotal first submission UTC,high / exact signed APK,"Known delivery route, receiver and worker present; static capability only",https://www.virustotal.com/gui/file/152c788fd27af2d9115d55bc1e18d8ea70dca107a2747dabe74576041b77fac9/details
apk_sha256,2ee97235aa6e8b46d1a38713b936a542338f96b0f590b3cb747ddccc6cd69848,11.14.12.1,260428020,both,2026-07-14T13:40:23Z,VirusTotal first submission UTC,high / exact signed APK,"Known delivery route, receiver and worker present; static capability only",https://www.virustotal.com/gui/file/2ee97235aa6e8b46d1a38713b936a542338f96b0f590b3cb747ddccc6cd69848/details
apk_sha256,66ff5f83890dffc39c1920e09f49a6d56a68f7ea196765fc4af3e94e75433e38,11.14.13,260526010,both,2026-06-02T10:04:12Z,VirusTotal first submission UTC,high / exact signed APK,"Known delivery route, receiver and worker present; static capability only",https://www.virustotal.com/gui/file/66ff5f83890dffc39c1920e09f49a6d56a68f7ea196765fc4af3e94e75433e38/details
apk_sha256,38052e14d4d68bb0ded3547165c6173e4b42ff4e691c4d9b51cbd3dfd84602a6,11.14.14,260609010,both,2026-06-19T01:53:18Z,VirusTotal first submission UTC,high / exact signed APK,"Known delivery route, receiver and worker present; static capability only",https://www.virustotal.com/gui/file/38052e14d4d68bb0ded3547165c6173e4b42ff4e691c4d9b51cbd3dfd84602a6/details
apk_sha256,aa804483289b5ab650d0cca9d6a74a700c921e48e2be67a831f8078953f9e203,11.14.14,260609010,both,2026-06-27T00:14:43Z,VirusTotal first submission UTC,high / exact signed APK,"Known delivery route, receiver and worker present; static capability only",https://www.virustotal.com/gui/file/aa804483289b5ab650d0cca9d6a74a700c921e48e2be67a831f8078953f9e203/details
apk_sha256,23153f14683f6671043062ba1893bdc74c2e781c56d4ded05c650b7b65273065,11.14.16-b,260707010,both,2026-07-17T22:31:25Z,VirusTotal first submission UTC,high / exact signed APK,"Known delivery route, receiver and worker present; static capability only",https://www.virustotal.com/gui/file/23153f14683f6671043062ba1893bdc74c2e781c56d4ded05c650b7b65273065/details
apk_sha256,0b871191a74983326cecfbf06ac6e954fb2fd6a62d9d54b9a1c1f27f5a105037,11.14.16-w,260707010,both,2026-07-23T16:38:03Z,VirusTotal first submission UTC,high / exact signed APK,"Known delivery route, receiver and worker present; static capability only",https://www.virustotal.com/gui/file/0b871191a74983326cecfbf06ac6e954fb2fd6a62d9d54b9a1c1f27f5a105037/details
apk_sha256,a49165d7493128f71c20f96f1c02e573dfc6c16c631fb2b69dd2ba7d41ee9f85,11.14.16-b,260707010,both,2026-07-24T12:03:18Z,VirusTotal first submission UTC,high / exact signed APK,"Known delivery route, receiver and worker present; static capability only",https://www.virustotal.com/gui/file/a49165d7493128f71c20f96f1c02e573dfc6c16c631fb2b69dd2ba7d41ee9f85/details
apk_sha256,0b194dab7e4600fb9e04d3c9828025ae650ed463f49f58e24f44db94a8cc3108,11.14.17-b,260721010,both,2026-07-29T22:19:20Z,VirusTotal first submission UTC,high / exact signed APK,"Known delivery route, receiver and worker present; static capability only",https://www.virustotal.com/gui/file/0b194dab7e4600fb9e04d3c9828025ae650ed463f49f58e24f44db94a8cc3108/details
apk_sha256,2766aaf153f586ba7814812d7abef12cab46e9b9a72fcec344412f11a8e13238,11.14.17-w,260721010,both,2026-07-30T02:43:13Z,VirusTotal first submission UTC,high / exact signed APK,"Known delivery route, receiver and worker present; static capability only",https://www.virustotal.com/gui/file/2766aaf153f586ba7814812d7abef12cab46e9b9a72fcec344412f11a8e13238/details
apk_sha256,5226e1a1b8884c06904fc592eba51cf6412d71a139ee5e552d803fbedc26ea60,11.14.17-b,260721010,both,2026-08-04T23:42:29Z,VirusTotal first submission UTC,high / exact signed APK,"Known delivery route, receiver and worker present; static capability only",https://www.virustotal.com/gui/file/5226e1a1b8884c06904fc592eba51cf6412d71a139ee5e552d803fbedc26ea60/details
apk_sha256,f10f785165adba3c8165f27576755305c970ea58807eb3c10007cb0ba48996a8,11.14.18-b,260805010,both,2026-08-15T07:48:04Z,VirusTotal first submission UTC,high / exact signed APK,"Known delivery route, receiver and worker present; static capability only",https://www.virustotal.com/gui/file/f10f785165adba3c8165f27576755305c970ea58807eb3c10007cb0ba48996a8/details
apk_sha256,51ddae42e93fa7f690ba5adc9bb9de39b57ac1a3f719dcb798e383ba61897000,11.14.18-b,260805010,both,2026-08-20T14:12:05Z,VirusTotal first submission UTC,high / exact signed APK,"Known delivery route, receiver and worker present; static capability only",https://www.virustotal.com/gui/file/51ddae42e93fa7f690ba5adc9bb9de39b57ac1a3f719dcb798e383ba61897000/details
apk_sha256,c8e510f6dbed5d041baeb0b6c54a7aea4311a009ff2266396246657ba14b3c39,11.14.18-w,260805010,both,2026-08-24T07:20:42Z,VirusTotal first submission UTC,high / exact signed APK,"Known delivery route, receiver and worker present; static capability only",https://www.virustotal.com/gui/file/c8e510f6dbed5d041baeb0b6c54a7aea4311a009ff2266396246657ba14b3c39/details
apk_sha256,de294c3e2d681e8acbe1f5e673e709a781dbe53bf213d9ac64b06648c6e63cc1,11.14.19-b,260818010,http_header,2026-08-29T12:43:23Z,VirusTotal first submission UTC,high / exact signed APK,"Known delivery route, receiver and worker present; static capability only",https://www.virustotal.com/gui/file/de294c3e2d681e8acbe1f5e673e709a781dbe53bf213d9ac64b06648c6e63cc1/details
apk_sha256,5e9b34e256da8d4a2c8315d99885f9eb0cdfbb0bcb7338d13758974dc8bae660,11.14.19.1-b,260818020,both,2026-08-27T16:08:38Z,VirusTotal first submission UTC,high / exact signed APK,"Known delivery route, receiver and worker present; static capability only",https://www.virustotal.com/gui/file/5e9b34e256da8d4a2c8315d99885f9eb0cdfbb0bcb7338d13758974dc8bae660/details
apk_sha256,30b7fedb289fe6413554bf4597765820a508b47225e1282afe304f1c6e554467,11.14.19.1-b,260818020,both,2026-09-02T02:13:15Z,VirusTotal first submission UTC,high / exact signed APK,"Known delivery route, receiver and worker present; static capability only",https://www.virustotal.com/gui/file/30b7fedb289fe6413554bf4597765820a508b47225e1282afe304f1c6e554467/details
apk_sha256,9445d614ec7fbaf697d4ca4bdd8a4f28f71e36eb9584507bb77d1299197364a3,11.14.19.1-w,260818020,both,2026-09-06T04:54:48Z,VirusTotal first submission UTC,high / exact signed APK,"Known delivery route, receiver and worker present; static capability only",https://www.virustotal.com/gui/file/9445d614ec7fbaf697d4ca4bdd8a4f28f71e36eb9584507bb77d1299197364a3/details
apk_sha256,cdaf0bf256269eec249787299b5ebb7058f3944c86b14debfa41f9c263ad17da,11.14.20-b,260901010,both,2026-09-10T12:17:37Z,VirusTotal first submission UTC,high / exact signed APK,"Known delivery route, receiver and worker present; static capability only",https://www.virustotal.com/gui/file/cdaf0bf256269eec249787299b5ebb7058f3944c86b14debfa41f9c263ad17da/details
apk_sha256,51ec88944c7e79deb488ca2c91e1f131ac537a26a4affb0eb026115b06b0fc8f,11.14.20-b,260901010,both,2026-09-11T04:00:22Z,VirusTotal first submission UTC,high / exact signed APK,"Known delivery route, receiver and worker present; static capability only",https://www.virustotal.com/gui/file/51ec88944c7e79deb488ca2c91e1f131ac537a26a4affb0eb026115b06b0fc8f/details
apk_sha256,bbcb365f04373f6ef2546186f4ebe21efcf161f1908b5f922242af5d34678be1,11.14.20-w,260901010,both,2026-09-14T08:20:17Z,VirusTotal first submission UTC,high / exact signed APK,"Known delivery route, receiver and worker present; static capability only",https://www.virustotal.com/gui/file/bbcb365f04373f6ef2546186f4ebe21efcf161f1908b5f922242af5d34678be1/details
code_descriptor,Lir/divar/chat/util/ReportDeserializer;,,,,,,behavioral pivot,"Triage with sender or HTTP-header route, receiver shortcut and worker behavior",
header_decoder,X-CORRELATION-ID | Base64 then XOR 0x64 | receiverClass&encodedURI,,,,,,behavioral pivot,2026 HTTP response route; header name alone is not an IOC,
response_contract,"format,parse,data,report,objectify,deserialize,extra,local",,,,,,behavioral pivot,One-line server JSON key set used by the worker; hunt only in the relevant request context,
