app,package_id,observation_rows,distinct_version_names,distinct_version_code_pairs,version_names_with_in_window_observation,pre_2023_version_names,undated_version_names,rows_with_sha256,rows_with_local_bytes,earliest_observation,latest_observation
Divar,ir.divar,282,225,228,102,124,0,282,282,2013-02-28,2026-10-03
Rubika,app.rbmain.a,9,8,9,5,0,3,0,0,2024-01-21,2026-09-20
Eitaa,ir.eitaa.messenger,10,10,10,9,0,1,0,0,2023-03-05,2026-09-13
Snapp,cab.snapp.passenger,52,48,48,31,17,0,13,12,2016-10-19,2026-10-01
Snapp,cab.snapp.passenger.gp,2,2,2,2,0,0,0,0,2023-03-25,2023-04-23
Snapp,cab.snapp.passenger.play,4,4,4,0,4,0,0,0,2022-04-12,2022-11-13
Neshan,org.rajman.neshan.traffic.tehran.navigator,75,61,64,61,0,0,21,21,2023-04-05,2026-09-27
Telewebion,net.telewebion,101,60,75,30,34,0,10,0,2017-06-22,2026-09-26
Balad,com.baladmaps,19,17,19,15,3,0,6,6,2022-08-15,2026-09-28
Balad,ir.balad,47,30,36,27,3,0,26,26,2021-07-04,2026-10-04
Digikala,com.digikala,46,44,44,14,30,0,0,0,2015-07-28,2026-08-03
Digikala,com.digikala.diagon,20,17,17,6,11,0,1,0,2021-11-30,2025-03-29
Aparat,com.aparat,36,24,24,18,6,0,0,0,2015-09-22,2026-09-21
Baam,ir.bmi.bam.nativeweb,11,11,11,7,0,4,3,0,2023-11-25,2026-09-29
