app,package_id,version_name,version_code,variant,first_observed_date,last_observed_date,record_scope,observation_count,known_sha256_count,local_sample_count,acquisition_status,representative_source_url
Rubika,app.rbmain.a,3.6.4,,,2024-01-21,2024-01-21,in_window,1,0,0,catalog_only,https://certfa.com/lab/android-app/sha1/dc70156038e32e2941d0a00442659ec0df3dd3d1/
Rubika,app.rbmain.a,3.6.4,364,,2024-07-12,2024-07-12,in_window,1,0,0,catalog_only,https://www.pgyer.com/app/build/ykb0w7viss
Rubika,app.rbmain.a,3.7.3,,,2024-07-21,2024-07-21,in_window,1,0,0,catalog_only,https://certfa.com/lab/android-app/sha1/60efafb94adcdb16f7a7ea80b760c80827669e88/
Rubika,app.rbmain.a,3.9.8,,,2025-10-29,2025-10-29,in_window,1,0,0,catalog_only,https://myket.ir/app/app.rbmain.a
Rubika,app.rbmain.a,4.0.5,,,2026-08-23,2026-08-23,in_window,1,0,0,catalog_only,https://www.yekmod.com/rubika/
Rubika,app.rbmain.a,4.1.1,,,2026-09-20,2026-09-20,in_window,1,0,0,catalog_only,https://cafebazaar.ir/app/app.rbmain.a
Eitaa,ir.eitaa.messenger,6.2,24401,,2023-03-05,2023-03-05,in_window,1,0,0,catalog_only,https://tx.me/s/Salehi786?after=5970
Eitaa,ir.eitaa.messenger,6.3.1,2451,,2023-08-28,2023-08-28,in_window,1,0,0,catalog_only,https://t.me/s/SalehiApps?before=1091&q=%23%D9%86%D8%B3%D8%AE%D9%87_%D8%AC%D8%AF%DB%8C%D8%AF_%D8%A7%DB%8C%D8%AA%D8%A7
Eitaa,ir.eitaa.messenger,6.3.4,,,2023-09-02,2023-09-02,in_window,1,0,0,catalog_only,https://certfa.com/lab/android-app/sha1/237643bada0063c05b94e307c43fe0292758cd14/
Eitaa,ir.eitaa.messenger,6.3.7,,,2023-11-02,2023-11-02,in_window,1,0,0,catalog_only,https://certfa.com/lab/android-app/sha1/f0d84fc1b8c9b3fc8afb658ce27a0fa4340f741c/
Eitaa,ir.eitaa.messenger,6.4.14,,,2024-02-29,2024-02-29,in_window,1,0,0,catalog_only,https://t.me/s/SalehiApps?before=1091&q=%23%D9%86%D8%B3%D8%AE%D9%87_%D8%AC%D8%AF%DB%8C%D8%AF_%D8%A7%DB%8C%D8%AA%D8%A7
Eitaa,ir.eitaa.messenger,6.6.2,,,2025-05-18,2025-05-18,in_window,1,0,0,catalog_only,https://t.me/s/SalehiApps?before=1091&q=%23%D9%86%D8%B3%D8%AE%D9%87_%D8%AC%D8%AF%DB%8C%D8%AF_%D8%A7%DB%8C%D8%AA%D8%A7
Eitaa,ir.eitaa.messenger,6.7.10,,,2026-06-06,2026-06-06,in_window,1,0,0,catalog_only,https://telegram.me/s/SalehiApps?after=1170
Eitaa,ir.eitaa.messenger,7.1,,,2026-08-29,2026-08-29,in_window,1,0,0,catalog_only,https://telegram.me/s/SalehiApps?after=1170
Eitaa,ir.eitaa.messenger,7.1.2,,,2026-09-13,2026-09-13,in_window,1,0,0,catalog_only,https://myket.ir/app/ir.eitaa.messenger
Snapp,cab.snapp.passenger,8.6.0,,Snapp passenger,2023-07-21,2023-07-21,in_window,1,0,0,catalog_only,https://t.me/s/skymitie/35062?q=%23snapp
Snapp,cab.snapp.passenger,8.7.0,,Snapp passenger,2023-08-17,2023-08-17,in_window,1,0,0,catalog_only,https://t.me/s/skymitie/35062?q=%23snapp
Snapp,cab.snapp.passenger,8.8.1,,Snapp passenger,2023-09-19,2023-09-19,in_window,1,0,0,catalog_only,https://t.me/s/skymitie/35062?q=%23snapp
Snapp,cab.snapp.passenger,8.9.0,,Snapp passenger,2023-10-25,2023-10-25,in_window,1,0,0,catalog_only,https://t.me/s/snappi?before=45350&q=%23%D8%A7%D9%86%D8%AF%D8%B1%D9%88%DB%8C%D8%AF
Snapp,cab.snapp.passenger,8.18.0,,Snapp passenger,2024-08-26,2024-08-26,in_window,1,0,0,catalog_only,https://t.me/s/skymitie/35062?q=%23snapp
Snapp,cab.snapp.passenger,8.19.0,,Snapp passenger,2024-09-18,2024-09-18,in_window,1,0,0,catalog_only,https://t.me/s/skymitie/35062?q=%23snapp
Snapp,cab.snapp.passenger,8.19.1,,Snapp passenger,2024-11-04,2024-11-04,in_window,1,0,0,catalog_only,https://t.me/s/skymitie/35062?q=%23snapp
Snapp,cab.snapp.passenger,8.20.0,,Snapp passenger,2024-11-04,2024-11-04,in_window,1,0,0,catalog_only,https://snapp.en.uptodown.com/android/versions
Snapp,cab.snapp.passenger,8.20.1,,Snapp passenger,2024-11-09,2024-11-09,in_window,1,0,0,catalog_only,https://snapp.en.uptodown.com/android/versions
Snapp,cab.snapp.passenger,8.21.0,,Snapp passenger,2024-11-23,2024-11-23,in_window,1,0,0,catalog_only,https://snapp.en.uptodown.com/android/versions
Snapp,cab.snapp.passenger,8.22.0,,Snapp passenger,2024-12-07,2024-12-07,in_window,1,0,0,catalog_only,https://snapp.en.uptodown.com/android/versions
Snapp,cab.snapp.passenger,8.30.0,,Snapp passenger,2025-03-08,2025-03-08,in_window,1,0,0,catalog_only,https://snapp.en.uptodown.com/android/versions
Snapp,cab.snapp.passenger,8.30.1,,Snapp passenger,2025-03-13,2025-03-13,in_window,1,0,0,catalog_only,https://snapp.en.uptodown.com/android/versions
Snapp,cab.snapp.passenger,8.31.0,,Snapp passenger,2025-04-14,2025-04-14,in_window,1,0,0,catalog_only,https://snapp.en.uptodown.com/android/versions
Snapp,cab.snapp.passenger,8.32.0,,Snapp passenger,2025-05-20,2025-05-20,in_window,1,0,0,catalog_only,https://snapp.en.uptodown.com/android/versions
Snapp,cab.snapp.passenger,8.32.1,,Snapp passenger,2025-05-25,2025-05-25,in_window,1,0,0,catalog_only,https://snapp.en.uptodown.com/android/versions
Snapp,cab.snapp.passenger,8.33.0,292,Snapp passenger,2025-07-16,2025-07-16,in_window,1,1,0,published_hash_only,https://www.apkmirror.com/apk/snapp-cab/snapp-2/snapp-8-33-0-release/snapp-8-33-0-android-apk-download/
Snapp,cab.snapp.passenger,8.34.0,,Snapp passenger,2025-08-14,2025-08-14,in_window,1,0,0,catalog_only,https://snapp.en.uptodown.com/android/versions
Snapp,cab.snapp.passenger,8.35.0,,Snapp passenger,2025-09-26,2025-09-26,in_window,1,0,0,catalog_only,https://snapp.en.uptodown.com/android/versions
Snapp,cab.snapp.passenger,8.35.1,,Snapp passenger,2025-10-01,2025-10-01,in_window,1,0,0,catalog_only,https://snapp.en.uptodown.com/android/versions
Snapp,cab.snapp.passenger,8.36.0,,Snapp passenger,2025-10-30,2025-10-30,in_window,1,0,0,catalog_only,https://snapp.en.uptodown.com/android/versions
Snapp,cab.snapp.passenger,8.41.0,,Snapp passenger,2026-06-09,2026-06-09,in_window,1,0,0,catalog_only,https://snapp.en.uptodown.com/android/versions
Snapp,cab.snapp.passenger,8.43.0,,Snapp passenger,2026-10-01,2026-10-01,in_window,1,0,0,catalog_only,https://snapp.en.uptodown.com/android/versions
Snapp,cab.snapp.passenger.gp,8.2.0,260,Snapp passenger GP,2023-03-25,2023-03-25,in_window,1,0,0,catalog_only,https://apkpure.net/snapp-%D8%A7%D8%B3%D9%86%D9%BE/cab.snapp.passenger.gp/versions
Snapp,cab.snapp.passenger.gp,8.3.0,262,Snapp passenger GP,2023-04-23,2023-04-23,in_window,1,0,0,catalog_only,https://apkpure.net/snapp-%D8%A7%D8%B3%D9%86%D9%BE/cab.snapp.passenger.gp/versions
Neshan,org.rajman.neshan.traffic.tehran.navigator,11.6.1,70283,Neshan,2023-04-05,2023-04-05,in_window,1,0,0,catalog_only,https://gionee-f100.apkbog.com/en/apk/xn------tze8bleg2j7agjbeq92sba/11.6.1/70283
Neshan,org.rajman.neshan.traffic.tehran.navigator,11.8.0,70294,Neshan,2023-06-10,2023-06-10,in_window,1,0,0,catalog_only,https://gionee-f100.apkbog.com/en/apk/xn------tze8bleg2j7agjbeq92sba/11.8.0/70294
Neshan,org.rajman.neshan.traffic.tehran.navigator,11.9.0,,Neshan,2023-06-16,2023-06-16,in_window,1,0,0,catalog_only,https://gionee-f100.apkbog.com/en/apk/xn------tze8bleg2j7agjbeq92sba/11.9.0
Neshan,org.rajman.neshan.traffic.tehran.navigator,11.10.0,,Neshan,2023-07-16,2023-07-16,in_window,1,0,0,catalog_only,https://gionee-f100.apkbog.com/en/apk/xn------tze8bleg2j7agjbeq92sba/11.10.0
Neshan,org.rajman.neshan.traffic.tehran.navigator,11.11.0,70307,Neshan,2023-07-16,2023-07-16,in_window,1,0,0,catalog_only,https://gionee-f100.apkbog.com/en/apk/xn------tze8bleg2j7agjbeq92sba/11.11.0/70307
Neshan,org.rajman.neshan.traffic.tehran.navigator,11.11.0,70309,Neshan,2023-07-23,2023-07-23,in_window,1,0,0,catalog_only,https://gionee-f100.apkbog.com/en/apk/xn------tze8bleg2j7agjbeq92sba/11.11.0/70309
Neshan,org.rajman.neshan.traffic.tehran.navigator,11.12.0,70312,Neshan,2023-07-30,2023-07-30,in_window,1,0,0,catalog_only,https://gionee-f100.apkbog.com/en/apk/xn------tze8bleg2j7agjbeq92sba/11.12.0/70312
Neshan,org.rajman.neshan.traffic.tehran.navigator,11.12.0,70316,Neshan,2023-08-11,2023-08-11,in_window,1,0,0,catalog_only,https://gionee-f100.apkbog.com/en/apk/xn------tze8bleg2j7agjbeq92sba/11.12.0/70316
Neshan,org.rajman.neshan.traffic.tehran.navigator,11.13.0,70318,Neshan,2023-08-11,2023-08-11,in_window,1,0,0,catalog_only,https://gionee-f100.apkbog.com/en/apk/xn------tze8bleg2j7agjbeq92sba/11.13.0/70318
Neshan,org.rajman.neshan.traffic.tehran.navigator,11.13.0,70322,Neshan,2023-08-26,2023-08-26,in_window,1,0,0,catalog_only,https://gionee-f100.apkbog.com/en/apk/xn------tze8bleg2j7agjbeq92sba/11.13.0/70322
Neshan,org.rajman.neshan.traffic.tehran.navigator,11.14.2,,Neshan,2023-09-07,2023-09-07,in_window,1,0,0,catalog_only,https://gionee-f100.apkbog.com/en/apk/xn------tze8bleg2j7agjbeq92sba/11.14.2
Neshan,org.rajman.neshan.traffic.tehran.navigator,11.15.1,,Neshan,2023-09-09,2023-09-09,in_window,1,0,0,catalog_only,https://gionee-f100.apkbog.com/en/apk/xn------tze8bleg2j7agjbeq92sba/11.15.1
Neshan,org.rajman.neshan.traffic.tehran.navigator,11.15.2,,Neshan,2023-09-17,2023-09-17,in_window,1,0,0,catalog_only,https://gionee-f100.apkbog.com/en/apk/xn------tze8bleg2j7agjbeq92sba/11.15.2
Neshan,org.rajman.neshan.traffic.tehran.navigator,11.15.3,,Neshan,2023-09-18,2023-09-18,in_window,1,0,0,catalog_only,https://gionee-f100.apkbog.com/en/apk/xn------tze8bleg2j7agjbeq92sba/11.15.3
Neshan,org.rajman.neshan.traffic.tehran.navigator,11.16.2,,Neshan,2023-10-01,2023-10-01,in_window,1,0,0,catalog_only,https://gionee-f100.apkbog.com/en/apk/xn------tze8bleg2j7agjbeq92sba/11.16.2
Neshan,org.rajman.neshan.traffic.tehran.navigator,11.17.3,,Neshan,2023-10-19,2023-10-19,in_window,1,0,0,catalog_only,https://gionee-f100.apkbog.com/en/apk/xn------tze8bleg2j7agjbeq92sba/11.17.3
Neshan,org.rajman.neshan.traffic.tehran.navigator,11.18.2,,Neshan,2023-11-04,2023-11-04,in_window,1,0,0,catalog_only,https://gionee-f100.apkbog.com/en/apk/xn------tze8bleg2j7agjbeq92sba/11.18.2
Neshan,org.rajman.neshan.traffic.tehran.navigator,11.19.3,,Neshan,2023-12-20,2023-12-20,in_window,1,0,0,catalog_only,https://gionee-f100.apkbog.com/en/apk/xn------tze8bleg2j7agjbeq92sba/11.19.3
Neshan,org.rajman.neshan.traffic.tehran.navigator,11.20.1,,Neshan,2024-01-03,2024-01-03,in_window,1,0,0,catalog_only,https://gionee-f100.apkbog.com/en/apk/xn------tze8bleg2j7agjbeq92sba/11.20.1
Neshan,org.rajman.neshan.traffic.tehran.navigator,11.19.4,,Neshan,2024-01-10,2024-01-10,in_window,1,0,0,catalog_only,https://gionee-f100.apkbog.com/en/apk/xn------tze8bleg2j7agjbeq92sba/11.19.4
Neshan,org.rajman.neshan.traffic.tehran.navigator,11.20.2,,Neshan,2024-01-14,2024-01-14,in_window,1,0,0,catalog_only,https://gionee-f100.apkbog.com/en/apk/xn------tze8bleg2j7agjbeq92sba/11.20.2
Neshan,org.rajman.neshan.traffic.tehran.navigator,11.23.1,,Neshan,2024-02-27,2024-02-27,in_window,1,0,0,catalog_only,https://apkcombo.com/neshan-map-navigation-app/org.rajman.neshan.traffic.tehran.navigator/old-versions/
Neshan,org.rajman.neshan.traffic.tehran.navigator,11.21.1,,Neshan,2024-03-01,2024-03-01,in_window,1,0,0,catalog_only,https://apkcombo.com/neshan-map-navigation-app/org.rajman.neshan.traffic.tehran.navigator/old-versions/
Neshan,org.rajman.neshan.traffic.tehran.navigator,11.23.3,,Neshan,2024-03-12,2024-03-12,in_window,1,0,0,catalog_only,https://apkcombo.com/neshan-map-navigation-app/org.rajman.neshan.traffic.tehran.navigator/old-versions/
Neshan,org.rajman.neshan.traffic.tehran.navigator,11.24.3,,Neshan,2024-03-14,2024-03-14,in_window,1,0,0,catalog_only,https://apkcombo.com/neshan-map-navigation-app/org.rajman.neshan.traffic.tehran.navigator/old-versions/
Neshan,org.rajman.neshan.traffic.tehran.navigator,12.0.0,,Neshan,2024-03-16,2024-03-16,in_window,1,0,0,catalog_only,https://apkcombo.com/neshan-map-navigation-app/org.rajman.neshan.traffic.tehran.navigator/old-versions/
Neshan,org.rajman.neshan.traffic.tehran.navigator,12.1.1,,Neshan,2024-04-17,2024-04-17,in_window,1,0,0,catalog_only,https://apkcombo.com/neshan-map-navigation-app/org.rajman.neshan.traffic.tehran.navigator/old-versions/
Neshan,org.rajman.neshan.traffic.tehran.navigator,12.0.1,,Neshan,2024-04-18,2024-04-18,in_window,1,0,0,catalog_only,https://apkcombo.com/neshan-map-navigation-app/org.rajman.neshan.traffic.tehran.navigator/old-versions/
Neshan,org.rajman.neshan.traffic.tehran.navigator,12.3.2,,Neshan,2024-06-07,2024-06-07,in_window,1,0,0,catalog_only,https://apkcombo.com/neshan-map-navigation-app/org.rajman.neshan.traffic.tehran.navigator/old-versions/
Neshan,org.rajman.neshan.traffic.tehran.navigator,12.2.2,,Neshan,2024-06-24,2024-06-24,in_window,1,0,0,catalog_only,https://apkcombo.com/neshan-map-navigation-app/org.rajman.neshan.traffic.tehran.navigator/old-versions/
Neshan,org.rajman.neshan.traffic.tehran.navigator,12.4.2,,Neshan,2024-06-30,2024-06-30,in_window,1,0,0,catalog_only,https://apkcombo.com/neshan-map-navigation-app/org.rajman.neshan.traffic.tehran.navigator/old-versions/
Neshan,org.rajman.neshan.traffic.tehran.navigator,12.5.3,,Neshan,2024-08-06,2024-08-06,in_window,1,0,0,catalog_only,https://apkcombo.com/neshan-map-navigation-app/org.rajman.neshan.traffic.tehran.navigator/old-versions/
Neshan,org.rajman.neshan.traffic.tehran.navigator,12.6.2,,Neshan,2024-08-21,2024-08-21,in_window,1,0,0,catalog_only,https://apkcombo.com/neshan-map-navigation-app/org.rajman.neshan.traffic.tehran.navigator/old-versions/
Neshan,org.rajman.neshan.traffic.tehran.navigator,12.7.3,,Neshan,2024-10-23,2024-10-23,in_window,1,0,0,catalog_only,https://apkcombo.com/neshan-map-navigation-app/org.rajman.neshan.traffic.tehran.navigator/old-versions/
Neshan,org.rajman.neshan.traffic.tehran.navigator,12.7.4,,Neshan,2024-11-06,2024-11-06,in_window,1,0,0,catalog_only,https://apkcombo.com/neshan-map-navigation-app/org.rajman.neshan.traffic.tehran.navigator/old-versions/
Neshan,org.rajman.neshan.traffic.tehran.navigator,12.7.5,,Neshan,2024-11-23,2024-11-23,in_window,1,0,0,catalog_only,https://apkcombo.com/neshan-map-navigation-app/org.rajman.neshan.traffic.tehran.navigator/old-versions/
Neshan,org.rajman.neshan.traffic.tehran.navigator,12.8.3,70477,Neshan,2024-12-22,2024-12-22,in_window,1,0,0,catalog_only,https://www.apkturbo.com/apps/download-app/org.rajman.neshan.traffic.tehran.navigator/
Neshan,org.rajman.neshan.traffic.tehran.navigator,13.0.13,,Neshan,2025-02-22,2025-02-22,in_window,1,0,0,catalog_only,https://apkcombo.com/neshan-map-navigation-app/org.rajman.neshan.traffic.tehran.navigator/old-versions/
Neshan,org.rajman.neshan.traffic.tehran.navigator,13.0.16,,Neshan,2025-03-17,2025-03-17,in_window,1,0,0,catalog_only,https://apkcombo.com/neshan-map-navigation-app/org.rajman.neshan.traffic.tehran.navigator/old-versions/
Neshan,org.rajman.neshan.traffic.tehran.navigator,14.2.0,,Neshan,2025-03-21,2025-03-21,in_window,1,0,0,catalog_only,https://apkcombo.com/neshan-map-navigation-app/org.rajman.neshan.traffic.tehran.navigator/old-versions/
Neshan,org.rajman.neshan.traffic.tehran.navigator,14.2.3,,Neshan,2025-05-29,2025-05-29,in_window,1,0,0,catalog_only,https://apkcombo.com/neshan-map-navigation-app/org.rajman.neshan.traffic.tehran.navigator/old-versions/
Neshan,org.rajman.neshan.traffic.tehran.navigator,14.3.2,,Neshan,2025-06-02,2025-06-02,in_window,1,0,0,catalog_only,https://apkcombo.com/neshan-map-navigation-app/org.rajman.neshan.traffic.tehran.navigator/old-versions/
Neshan,org.rajman.neshan.traffic.tehran.navigator,14.3.3,,Neshan,2025-07-17,2025-07-17,in_window,1,0,0,catalog_only,https://apkcombo.com/neshan-map-navigation-app/org.rajman.neshan.traffic.tehran.navigator/old-versions/
Neshan,org.rajman.neshan.traffic.tehran.navigator,14.3.9,,Neshan,2025-07-18,2025-07-18,in_window,1,0,0,catalog_only,https://apkcombo.com/neshan-map-navigation-app/org.rajman.neshan.traffic.tehran.navigator/old-versions/
Neshan,org.rajman.neshan.traffic.tehran.navigator,14.3.10,,Neshan,2025-07-21,2025-07-21,in_window,1,0,0,catalog_only,https://apkcombo.com/neshan-map-navigation-app/org.rajman.neshan.traffic.tehran.navigator/old-versions/
Neshan,org.rajman.neshan.traffic.tehran.navigator,14.3.13,,Neshan,2025-07-27,2025-07-27,in_window,1,0,0,catalog_only,https://apkcombo.com/neshan-map-navigation-app/org.rajman.neshan.traffic.tehran.navigator/old-versions/
Neshan,org.rajman.neshan.traffic.tehran.navigator,14.4.7,70542,Neshan,2025-07-30,2025-07-30,in_window,1,0,0,catalog_only,https://apkcombo.com/neshan-map-navigation-app/org.rajman.neshan.traffic.tehran.navigator/old-versions/
Neshan,org.rajman.neshan.traffic.tehran.navigator,14.3.14,70543,Neshan,2025-08-06,2025-08-06,in_window,1,0,0,catalog_only,https://www.apkmirror.com/apk/%D9%86%D9%82%D8%B4%D9%87-%D9%88-%D9%85%D8%B3%DB%8C%D8%B1%DB%8C%D8%A7%D8%A8-%D9%86%D8%B4%D8%A7%D9%86/%D9%86%D8%B4%D8%A7%D9%86-%D9%86%D9%82%D8%B4%D9%87-%D9%88-%D9%85%D8%B3%DB%8C%D8%B1%DB%8C%D8%A7%D8%A8-neshan/
Neshan,org.rajman.neshan.traffic.tehran.navigator,14.4.11,70562,Neshan,2025-08-10,2025-08-10,in_window,1,0,0,catalog_only,https://www.apkmirror.com/apk/%D9%86%D9%82%D8%B4%D9%87-%D9%88-%D9%85%D8%B3%DB%8C%D8%B1%DB%8C%D8%A7%D8%A8-%D9%86%D8%B4%D8%A7%D9%86/%D9%86%D8%B4%D8%A7%D9%86-%D9%86%D9%82%D8%B4%D9%87-%D9%88-%D9%85%D8%B3%DB%8C%D8%B1%DB%8C%D8%A7%D8%A8-neshan/
Neshan,org.rajman.neshan.traffic.tehran.navigator,14.5.5,70566,Neshan,2025-08-30,2025-08-30,in_window,1,0,0,catalog_only,https://www.apkmirror.com/apk/%D9%86%D9%82%D8%B4%D9%87-%D9%88-%D9%85%D8%B3%DB%8C%D8%B1%DB%8C%D8%A7%D8%A8-%D9%86%D8%B4%D8%A7%D9%86/%D9%86%D8%B4%D8%A7%D9%86-%D9%86%D9%82%D8%B4%D9%87-%D9%88-%D9%85%D8%B3%DB%8C%D8%B1%DB%8C%D8%A7%D8%A8-neshan/
Neshan,org.rajman.neshan.traffic.tehran.navigator,14.5.7,70570,Neshan,2025-09-15,2025-09-15,in_window,1,0,0,catalog_only,https://www.apkmirror.com/apk/%D9%86%D9%82%D8%B4%D9%87-%D9%88-%D9%85%D8%B3%DB%8C%D8%B1%DB%8C%D8%A7%D8%A8-%D9%86%D8%B4%D8%A7%D9%86/%D9%86%D8%B4%D8%A7%D9%86-%D9%86%D9%82%D8%B4%D9%87-%D9%88-%D9%85%D8%B3%DB%8C%D8%B1%DB%8C%D8%A7%D8%A8-neshan/
Neshan,org.rajman.neshan.traffic.tehran.navigator,14.6.4,70573,Neshan,2025-10-05,2025-10-05,in_window,1,0,0,catalog_only,https://www.apkmirror.com/apk/%D9%86%D9%82%D8%B4%D9%87-%D9%88-%D9%85%D8%B3%DB%8C%D8%B1%DB%8C%D8%A7%D8%A8-%D9%86%D8%B4%D8%A7%D9%86/%D9%86%D8%B4%D8%A7%D9%86-%D9%86%D9%82%D8%B4%D9%87-%D9%88-%D9%85%D8%B3%DB%8C%D8%B1%DB%8C%D8%A7%D8%A8-neshan/
Neshan,org.rajman.neshan.traffic.tehran.navigator,14.7.4,70604,Neshan,2025-10-23,2025-10-23,in_window,1,0,0,catalog_only,https://apkpure.net/%D9%86%D8%B4%D8%A7%D9%86-%D9%86%D9%82%D8%B4%D9%87-%D9%88%D9%85%D8%B3%DB%8C%D8%B1%DB%8C%D8%A7%D8%A8-%D9%81%D8%A7%D8%B1%D8%B3%DB%8Cneshan/org.rajman.neshan.traffic.tehran.navigator/versions
Neshan,org.rajman.neshan.traffic.tehran.navigator,14.14.0.4,,Neshan third-party catalog lead,2026-09-27,2026-09-27,in_window,1,0,0,catalog_only,https://www.yekmod.com/neshan/
Telewebion,net.telewebion,4.4.6,186,arm64-v8a,2023-01-29,2023-01-29,in_window,1,1,0,published_hash_only,https://www.apkmirror.com/apk/simraco/telewebion/telewebion-4-4-6-release/telewebion-4-4-6-2-android-apk-download/
Telewebion,net.telewebion,4.4.6,186,armeabi-v7a,2023-01-29,2023-01-29,in_window,1,1,0,published_hash_only,https://www.apkmirror.com/apk/simraco/telewebion/telewebion-4-4-6-release/telewebion-4-4-6-3-android-apk-download/
Telewebion,net.telewebion,4.4.6,186,x86_64,2023-01-29,2023-01-29,in_window,1,1,0,published_hash_only,https://www.apkmirror.com/apk/simraco/telewebion/telewebion-4-4-6-release/telewebion-4-4-6-android-apk-download/
Telewebion,net.telewebion,5.1.4,,,2024-03-01,2024-03-01,in_window,1,0,0,catalog_only,https://telewebion.ar.uptodown.com/android/versions
Telewebion,net.telewebion,5.1.5,5105,universal,2024-03-18,2024-03-18,in_window,1,1,0,published_hash_only,https://www.apkmirror.com/apk/simraco/telewebion/telewebion-5-1-5-release/telewebion-5-1-5-android-apk-download/
Telewebion,net.telewebion,5.1.13,5113,universal,2024-07-16,2024-07-16,in_window,1,1,0,published_hash_only,https://www.apkmirror.com/apk/simraco/telewebion/telewebion-5-1-13-release/telewebion-5-1-13-android-apk-download/
Telewebion,net.telewebion,5.1.15,,,2024-07-25,2024-07-25,in_window,1,0,0,catalog_only,https://telewebion.en.uptodown.com/android/versions
Telewebion,net.telewebion,4.3.2,,,2024-10-25,2024-10-25,in_window,1,0,0,catalog_only,https://telewebion.ar.uptodown.com/android/versions
Telewebion,net.telewebion,5.1.19,,,2024-12-17,2024-12-17,in_window,1,0,0,catalog_only,https://telewebion.en.uptodown.com/android/versions
Telewebion,net.telewebion,5.1.19,,arm64-v8a:22.68MB APKS,2024-12-21,2024-12-21,in_window,1,0,0,catalog_only,https://telewebion.apkcafe.in/
Telewebion,net.telewebion,5.1.19,,armeabi-v7:22.19MB APKS,2024-12-21,2024-12-21,in_window,1,0,0,catalog_only,https://telewebion.apkcafe.in/
Telewebion,net.telewebion,5.1.5,,,2025-01-22,2025-01-22,in_window,1,0,0,catalog_only,https://telewebion.ar.uptodown.com/android/versions
Telewebion,net.telewebion,4.2.6,,,2025-02-15,2025-02-15,in_window,1,0,0,catalog_only,https://telewebion.ar.uptodown.com/android/versions
Telewebion,net.telewebion,5.2.0,5200,,2025-03-05,2025-03-05,in_window,1,0,0,catalog_only,https://apkpure.net/telewebion/net.telewebion/versions
Telewebion,net.telewebion,5.2.1,5201,,2025-03-18,2025-03-18,in_window,1,0,0,catalog_only,https://apkpure.net/telewebion/net.telewebion/versions
Telewebion,net.telewebion,4.3.1,,,2025-04-07,2025-04-07,in_window,1,0,0,catalog_only,https://telewebion.ar.uptodown.com/android/versions
Telewebion,net.telewebion,5.1.20,,,2025-04-10,2025-04-10,in_window,1,0,0,catalog_only,https://telewebion.en.uptodown.com/android/versions
Telewebion,net.telewebion,5.2.2,5202,,2025-04-28,2025-04-28,in_window,1,0,0,catalog_only,https://apkpure.net/telewebion/net.telewebion/versions
Telewebion,net.telewebion,5.2.2,,arm64-v8a:25.82MB APKS,2025-04-30,2025-04-30,in_window,1,0,0,catalog_only,https://telewebion.apkcafe.in/
Telewebion,net.telewebion,5.2.2,,armeabi-v7:25.12MB APKS,2025-04-30,2025-04-30,in_window,1,0,0,catalog_only,https://telewebion.apkcafe.in/
Telewebion,net.telewebion,4.3.5,,,2025-07-19,2025-07-19,in_window,1,0,0,catalog_only,https://telewebion.ar.uptodown.com/android/versions
Telewebion,net.telewebion,5.2.3,5203,universal,2025-07-28,2025-07-28,in_window,1,1,0,published_hash_only,https://www.apkmirror.com/apk/simraco/telewebion/telewebion-5-2-3-release/telewebion-5-2-3-android-apk-download/
Telewebion,net.telewebion,4.3.4,,,2025-08-19,2025-08-19,in_window,1,0,0,catalog_only,https://telewebion.ar.uptodown.com/android/versions
Telewebion,net.telewebion,5.2.4,5204,,2025-10-02,2025-10-02,in_window,1,0,0,catalog_only,https://apkpure.net/telewebion/net.telewebion/versions
Telewebion,net.telewebion,5.2.5,5205,,2025-10-26,2025-10-26,in_window,1,0,0,catalog_only,https://apkpure.net/telewebion/net.telewebion/versions
Telewebion,net.telewebion,5.2.6,5206,,2025-12-22,2025-12-22,in_window,1,0,0,catalog_only,https://apkpure.net/telewebion/net.telewebion/versions
Telewebion,net.telewebion,5.2.7,5207,,2026-02-08,2026-02-08,in_window,1,0,0,catalog_only,https://apkpure.net/telewebion/net.telewebion/versions
Telewebion,net.telewebion,5.2.8,5208,,2026-02-22,2026-02-22,in_window,1,0,0,catalog_only,https://apkpure.net/telewebion/net.telewebion/versions
Telewebion,net.telewebion,5.2.9,5209,,2026-04-10,2026-04-10,in_window,1,0,0,catalog_only,https://apkpure.net/telewebion/net.telewebion/versions
Telewebion,net.telewebion,5.3.0,,,2026-06-09,2026-06-09,in_window,1,0,0,catalog_only,https://telewebion.en.uptodown.com/android/versions
Telewebion,net.telewebion,5.3.1,,,2026-06-09,2026-06-09,in_window,1,0,0,catalog_only,https://telewebion.en.uptodown.com/android/versions
Telewebion,net.telewebion,5.3.3,,,2026-06-11,2026-06-11,in_window,1,0,0,catalog_only,https://telewebion.en.uptodown.com/android/versions
Telewebion,net.telewebion,5.3.2,,,2026-06-13,2026-06-13,in_window,1,0,0,catalog_only,https://telewebion.en.uptodown.com/android/versions
Telewebion,net.telewebion,5.3.4,,,2026-06-16,2026-06-16,in_window,1,0,0,catalog_only,https://telewebion.en.uptodown.com/android/versions
Telewebion,net.telewebion,5.3.5,,,2026-06-20,2026-06-20,in_window,1,0,0,catalog_only,https://telewebion.en.uptodown.com/android/versions
Telewebion,net.telewebion,5.3.6,,,2026-09-20,2026-09-20,in_window,1,0,0,catalog_only,https://telewebion.en.uptodown.com/android
Telewebion,net.telewebion,5.3.7,,,2026-09-21,2026-09-26,in_window,2,1,0,published_hash_only,https://telewebion.en.uptodown.com/android
Balad,com.baladmaps,4.64.1,6663,Balad Play,2023-02-07,2023-02-07,in_window,1,0,0,catalog_only,https://apkpure.net/%D8%A8%D9%84%D8%AF-%D9%85%D8%B3%DB%8C%D8%B1%DB%8C%D8%A7%D8%A8%D8%8C-%D9%86%D9%82%D8%B4%D9%87-balad/com.baladmaps/versions
Balad,com.baladmaps,4.60.2,,Balad Play; Uptodown archive,2023-12-27,2023-12-27,in_window,1,0,0,catalog_only,https://balad.en.uptodown.com/android/versions
Balad,com.baladmaps,4.71.1,6903,Balad Play,2025-03-09,2025-03-09,in_window,1,0,0,catalog_only,https://apkpure.net/%D8%A8%D9%84%D8%AF-%D9%85%D8%B3%DB%8C%D8%B1%DB%8C%D8%A7%D8%A8%D8%8C-%D9%86%D9%82%D8%B4%D9%87-balad/com.baladmaps/versions
Balad,com.baladmaps,4.73.2,6953,Balad Play,2025-08-07,2025-08-07,in_window,1,0,0,catalog_only,https://apkpure.net/%D8%A8%D9%84%D8%AF-%D9%85%D8%B3%DB%8C%D8%B1%DB%8C%D8%A7%D8%A8%D8%8C-%D9%86%D9%82%D8%B4%D9%87-balad/com.baladmaps/versions
Balad,com.baladmaps,4.74.1,6973,Balad Play,2025-09-24,2025-09-24,in_window,1,0,0,catalog_only,https://apkpure.net/%D8%A8%D9%84%D8%AF-%D9%85%D8%B3%DB%8C%D8%B1%DB%8C%D8%A7%D8%A8%D8%8C-%D9%86%D9%82%D8%B4%D9%87-balad/com.baladmaps/versions
Balad,com.baladmaps,4.49.3,,Balad Play; Uptodown archive,2025-11-02,2025-11-02,in_window,1,0,0,catalog_only,https://balad.en.uptodown.com/android/versions
Balad,com.baladmaps,4.48.1,,Balad Play; Uptodown archive,2025-11-08,2025-11-08,in_window,1,0,0,catalog_only,https://balad.en.uptodown.com/android/versions
Balad,com.baladmaps,4.59.0,,Balad Play; Uptodown archive,2025-12-31,2025-12-31,in_window,1,0,0,catalog_only,https://balad.en.uptodown.com/android/versions
Balad,com.baladmaps,4.76.4,7031,Balad Play,2026-02-09,2026-02-09,in_window,1,0,0,catalog_only,https://apkpure.net/%D8%A8%D9%84%D8%AF-%D9%85%D8%B3%DB%8C%D8%B1%DB%8C%D8%A7%D8%A8%D8%8C-%D9%86%D9%82%D8%B4%D9%87-balad/com.baladmaps/versions
Balad,com.baladmaps,4.41.2,,Balad Play; Uptodown archive,2026-06-08,2026-06-08,in_window,1,0,0,catalog_only,https://balad.en.uptodown.com/android/versions
Balad,ir.balad,4.65.0,,Balad Bazaar,2023-07-17,2023-07-17,in_window,1,0,0,catalog_only,https://phoneky.com/android/?id=d1d303850
Balad,ir.balad,4.68.5,6820,Balad Bazaar,2024-12-08,2024-12-08,in_window,1,0,0,catalog_only,https://apkpure.net/%D8%A8%D9%84%D8%AF-%E2%80%93-%D9%86%D9%82%D8%B4%D9%87-%D9%88-%D9%85%D8%B3%DB%8C%D8%B1%DB%8C%D8%A7%D8%A8-%D9%81%D8%A7%D8%B1%D8%B3%DB%8C/ir.balad/versions
Balad,ir.balad,4.71.0,6890,Balad Bazaar,2025-03-03,2025-03-03,in_window,1,0,0,catalog_only,https://apkpure.net/%D8%A8%D9%84%D8%AF-%E2%80%93-%D9%86%D9%82%D8%B4%D9%87-%D9%88-%D9%85%D8%B3%DB%8C%D8%B1%DB%8C%D8%A7%D8%A8-%D9%81%D8%A7%D8%B1%D8%B3%DB%8C/ir.balad/versions
Balad,ir.balad,4.71.1,6900,Balad Bazaar,2025-03-05,2025-03-05,in_window,1,0,0,catalog_only,https://apkpure.net/%D8%A8%D9%84%D8%AF-%E2%80%93-%D9%86%D9%82%D8%B4%D9%87-%D9%88-%D9%85%D8%B3%DB%8C%D8%B1%DB%8C%D8%A7%D8%A8-%D9%81%D8%A7%D8%B1%D8%B3%DB%8C/ir.balad/versions
Balad,ir.balad,4.72.0,6910,Balad Bazaar,2025-05-26,2025-05-26,in_window,1,0,0,catalog_only,https://apkpure.net/%D8%A8%D9%84%D8%AF-%E2%80%93-%D9%86%D9%82%D8%B4%D9%87-%D9%88-%D9%85%D8%B3%DB%8C%D8%B1%DB%8C%D8%A7%D8%A8-%D9%81%D8%A7%D8%B1%D8%B3%DB%8C/ir.balad/versions
Balad,ir.balad,4.72.1,6920,Balad Bazaar,2025-06-30,2025-06-30,in_window,1,0,0,catalog_only,https://apkpure.net/%D8%A8%D9%84%D8%AF-%E2%80%93-%D9%86%D9%82%D8%B4%D9%87-%D9%88-%D9%85%D8%B3%DB%8C%D8%B1%DB%8C%D8%A7%D8%A8-%D9%81%D8%A7%D8%B1%D8%B3%DB%8C/ir.balad/versions
Balad,ir.balad,4.73.0,6930,Balad Bazaar,2025-08-04,2025-08-04,in_window,1,0,0,catalog_only,https://apkpure.net/%D8%A8%D9%84%D8%AF-%E2%80%93-%D9%86%D9%82%D8%B4%D9%87-%D9%88-%D9%85%D8%B3%DB%8C%D8%B1%DB%8C%D8%A7%D8%A8-%D9%81%D8%A7%D8%B1%D8%B3%DB%8C/ir.balad/versions
Balad,ir.balad,4.75.0,6981,Balad Bazaar,2025-10-25,2025-10-25,in_window,1,0,0,catalog_only,https://apkpure.net/%D8%A8%D9%84%D8%AF-%E2%80%93-%D9%86%D9%82%D8%B4%D9%87-%D9%88-%D9%85%D8%B3%DB%8C%D8%B1%DB%8C%D8%A7%D8%A8-%D9%81%D8%A7%D8%B1%D8%B3%DB%8C/ir.balad/versions
Balad,ir.balad,4.76.0,,Balad Bazaar,2025-11-22,2025-11-22,in_window,1,0,0,catalog_only,https://balad-ir-balad.en.uptodown.com/android/versions
Balad,ir.balad,4.76.2,,Balad Bazaar archive entry 1,2025-12-05,2025-12-05,in_window,1,0,0,catalog_only,https://balad-ir-balad.en.uptodown.com/android/versions
Balad,ir.balad,4.76.2,,Balad Bazaar archive entry 2,2025-12-15,2025-12-15,in_window,1,0,0,catalog_only,https://balad-ir-balad.en.uptodown.com/android/versions
Balad,ir.balad,4.78.0,,Balad Bazaar,2026-02-24,2026-02-24,in_window,1,0,0,catalog_only,https://balad-ir-balad.en.uptodown.com/android/versions
Balad,ir.balad,4.78.1,,Balad Bazaar archive entry 1,2026-02-24,2026-02-24,in_window,1,0,0,catalog_only,https://balad-ir-balad.en.uptodown.com/android/versions
Balad,ir.balad,4.78.1,,Balad Bazaar archive entry 2,2026-04-19,2026-04-19,in_window,1,0,0,catalog_only,https://balad-ir-balad.en.uptodown.com/android/versions
Balad,ir.balad,4.80.0,,Balad Bazaar archive entry 1,2026-05-09,2026-05-09,in_window,1,0,0,catalog_only,https://balad-ir-balad.en.uptodown.com/android/versions
Balad,ir.balad,4.80.0,,Balad Bazaar archive entry 2,2026-05-21,2026-05-21,in_window,1,0,0,catalog_only,https://balad-ir-balad.en.uptodown.com/android/versions
Balad,ir.balad,4.81.0,,Balad Bazaar,2026-06-04,2026-06-04,in_window,1,0,0,catalog_only,https://balad-ir-balad.en.uptodown.com/android/versions
Balad,ir.balad,4.85.0,,Balad Bazaar,2026-10-04,2026-10-04,in_window,1,0,0,catalog_only,https://balad-ir-balad.en.uptodown.com/android/versions
Digikala,com.digikala,2.9.3-CB,,,2023-01-06,2023-01-06,in_window,1,0,0,catalog_only,https://digikala.en.uptodown.com/android/versions
Digikala,com.digikala,2.9.4-MK,,,2023-03-29,2023-03-29,in_window,1,0,0,catalog_only,https://digikala.en.uptodown.com/android/versions
Digikala,com.digikala,2.10.0-CB,,,2023-08-13,2023-08-13,in_window,1,0,0,catalog_only,https://digikala.en.uptodown.com/android/versions
Digikala,com.digikala,2.11.0-CB,,,2023-12-04,2023-12-04,in_window,1,0,0,catalog_only,https://digikala.en.uptodown.com/android/versions
Digikala,com.digikala,2.11.1-CB,,,2024-02-14,2024-02-14,in_window,1,0,0,catalog_only,https://digikala.en.uptodown.com/android/versions
Digikala,com.digikala,3.0.0-CB,,,2024-04-22,2024-04-22,in_window,1,0,0,catalog_only,https://digikala.en.uptodown.com/android/versions
Digikala,com.digikala,3.1.0-CB,,,2024-11-10,2024-11-10,in_window,1,0,0,catalog_only,https://digikala.en.uptodown.com/android/versions
Digikala,com.digikala,3.1.1-HW,,,2025-02-14,2025-02-14,in_window,1,0,0,catalog_only,https://digikala.en.uptodown.com/android/versions
Digikala,com.digikala,3.1.2-MK,,,2025-10-09,2025-10-09,in_window,1,0,0,catalog_only,https://digikala.en.uptodown.com/android/versions
Digikala,com.digikala,3.1.3-MK,,,2025-10-29,2025-10-29,in_window,1,0,0,catalog_only,https://digikala.en.uptodown.com/android/versions
Digikala,com.digikala,3.2.0-MK,,,2026-05-04,2026-05-04,in_window,1,0,0,catalog_only,https://digikala.en.uptodown.com/android/versions
Digikala,com.digikala,3.2.2-MK,,,2026-05-23,2026-05-23,in_window,1,0,0,catalog_only,https://digikala.en.uptodown.com/android/versions
Digikala,com.digikala,3.2.3-CB,,current_store_listing,2026-07-27,2026-07-27,in_window,1,0,0,catalog_only,https://cafebazaar.ir/app/com.digikala
Digikala,com.digikala,3.2.3-MK,,,2026-08-03,2026-08-03,in_window,1,0,0,catalog_only,https://digikala.en.uptodown.com/android/versions
Digikala,com.digikala.diagon,2.9.3-GP,,,2023-01-07,2023-01-07,in_window,1,0,0,catalog_only,https://digikala-diagon.en.uptodown.com/android/versions
Digikala,com.digikala.diagon,2.8.2-GP,,entry_2,2023-02-13,2023-02-13,in_window,1,0,0,catalog_only,https://digikala-diagon.en.uptodown.com/android/versions
Digikala,com.digikala.diagon,2.8-GP,,,2023-02-18,2023-02-18,in_window,1,0,0,catalog_only,https://digikala-diagon.en.uptodown.com/android/versions
Digikala,com.digikala.diagon,2.8.2-GP,,,2023-03-04,2023-03-04,in_window,1,0,0,catalog_only,https://digikala-diagon.en.uptodown.com/android/versions
Digikala,com.digikala.diagon,2.9.4-GP,,,2023-03-12,2023-03-12,in_window,1,1,0,published_hash_only,https://digikala-diagon.en.uptodown.com/android/download
Digikala,com.digikala.diagon,2.8.3-GP,,,2024-09-29,2024-09-29,in_window,1,0,0,catalog_only,https://digikala-diagon.en.uptodown.com/android/versions
Digikala,com.digikala.diagon,2.6.3 - GP,,,2025-03-29,2025-03-29,in_window,1,0,0,catalog_only,https://digikala-diagon.en.uptodown.com/android/versions
Aparat,com.aparat,5.2.4,,uptodown_entry_1,2023-03-07,2023-03-07,in_window,1,0,0,catalog_only,https://aparat.it.uptodown.com/android/download
Aparat,com.aparat,5.2.4,,uptodown_entry_2,2023-04-28,2023-04-28,in_window,1,0,0,catalog_only,https://aparat.it.uptodown.com/android/download
Aparat,com.aparat,5.3.1,,uptodown_entry,2023-05-30,2023-05-30,in_window,1,0,0,catalog_only,https://aparat.it.uptodown.com/android/download
Aparat,com.aparat,5.3.1,,apkcombo_entry,2024-07-08,2024-07-08,in_window,1,0,0,catalog_only,https://apkcombo.com/aparat/com.aparat/old-versions/
Aparat,com.aparat,6.0.0,,,2025-04-13,2025-04-13,in_window,1,0,0,catalog_only,https://aparat.it.uptodown.com/android/download
Aparat,com.aparat,6.0.1,,,2025-04-16,2025-04-16,in_window,1,0,0,catalog_only,https://aparat.en.uptodown.com/android/versions
Aparat,com.aparat,6.0.2,,,2025-05-06,2025-05-06,in_window,1,0,0,catalog_only,https://aparat.en.uptodown.com/android/versions
Aparat,com.aparat,6.1.0,,entry_1,2025-08-10,2025-08-10,in_window,1,0,0,catalog_only,https://aparat.en.uptodown.com/android/versions
Aparat,com.aparat,6.1.0,,entry_2,2025-08-11,2025-08-11,in_window,1,0,0,catalog_only,https://aparat.en.uptodown.com/android/versions
Aparat,com.aparat,6.1.1,,,2025-09-27,2025-09-27,in_window,1,0,0,catalog_only,https://aparat.en.uptodown.com/android/versions
Aparat,com.aparat,6.1.2,,,2025-10-13,2025-10-13,in_window,1,0,0,catalog_only,https://aparat.en.uptodown.com/android/versions
Aparat,com.aparat,6.1.3,,,2026-01-05,2026-01-05,in_window,1,0,0,catalog_only,https://aparat.en.uptodown.com/android/versions
Aparat,com.aparat,6.1.4,,entry_1,2026-01-17,2026-01-17,in_window,1,0,0,catalog_only,https://aparat.en.uptodown.com/android/versions
Aparat,com.aparat,6.1.4,,entry_2,2026-01-20,2026-01-20,in_window,1,0,0,catalog_only,https://aparat.en.uptodown.com/android/versions
Aparat,com.aparat,6.1.5,,entry_1,2026-02-23,2026-02-23,in_window,1,0,0,catalog_only,https://aparat.en.uptodown.com/android/versions
Aparat,com.aparat,6.1.5,,entry_2,2026-02-26,2026-02-26,in_window,1,0,0,catalog_only,https://aparat.en.uptodown.com/android/versions
Aparat,com.aparat,6.1.6,,entry_1,2026-03-13,2026-03-13,in_window,1,0,0,catalog_only,https://aparat.en.uptodown.com/android/versions
Aparat,com.aparat,6.1.7,,entry_1,2026-04-09,2026-04-09,in_window,1,0,0,catalog_only,https://aparat.en.uptodown.com/android/versions
Aparat,com.aparat,6.1.6,,entry_2,2026-04-26,2026-04-26,in_window,1,0,0,catalog_only,https://aparat.en.uptodown.com/android/versions
Aparat,com.aparat,6.1.7,,entry_2,2026-05-12,2026-05-12,in_window,1,0,0,catalog_only,https://aparat.en.uptodown.com/android/versions
Aparat,com.aparat,7.0.0,,entry_1,2026-05-25,2026-05-25,in_window,1,0,0,catalog_only,https://aparat.en.uptodown.com/android/versions
Aparat,com.aparat,7.0.1,,entry_1,2026-06-04,2026-06-04,in_window,1,0,0,catalog_only,https://aparat.en.uptodown.com/android/versions
Aparat,com.aparat,7.0.0,,entry_2,2026-06-05,2026-06-05,in_window,1,0,0,catalog_only,https://aparat.en.uptodown.com/android/versions
Aparat,com.aparat,7.0.1,,entry_2,2026-06-06,2026-06-06,in_window,1,0,0,catalog_only,https://aparat.en.uptodown.com/android/versions
Aparat,com.aparat,7.1.0,,entry_1,2026-07-26,2026-07-26,in_window,1,0,0,catalog_only,https://aparat.en.uptodown.com/android/versions
Aparat,com.aparat,7.1.0,,entry_2,2026-07-30,2026-07-30,in_window,1,0,0,catalog_only,https://aparat.en.uptodown.com/android/versions
Aparat,com.aparat,7.2.0,,entry_1,2026-09-09,2026-09-09,in_window,1,0,0,catalog_only,https://aparat.en.uptodown.com/android/versions
Aparat,com.aparat,7.2.1,,current_store_listing,2026-09-19,2026-09-19,in_window,1,0,0,catalog_only,https://cafebazaar.ir/app/com.aparat
Aparat,com.aparat,7.2.1,,entry_1,2026-09-19,2026-09-19,in_window,1,0,0,catalog_only,https://aparat.en.uptodown.com/android/versions
Aparat,com.aparat,7.2.1,,entry_2,2026-09-21,2026-09-21,in_window,1,0,0,catalog_only,https://aparat.en.uptodown.com/android/versions
Baam,ir.bmi.bam.nativeweb,4.7.1.265,,,2023-11-25,2023-11-25,in_window,1,1,0,published_hash_only,https://certfa.com/lab/android-app/sha1/ff1e80a620438a4ee13e31ef2e284de5bf41534b/
Baam,ir.bmi.bam.nativeweb,4.9.2.315,,,2024-04-23,2024-04-23,in_window,1,0,0,catalog_only,https://certfa.com/lab/android-app/sha1/a449db1274863bf853e27dfad9af6ada9e9c6667/
Baam,ir.bmi.bam.nativeweb,4.8.1.277,,,2024-06-10,2024-06-10,in_window,1,0,0,catalog_only,https://www.pgyer.com/apk/fa/apk/ir.bmi.bam.nativeweb/download
Baam,ir.bmi.bam.nativeweb,4.13.1.360,,,2024-07-23,2024-07-23,in_window,1,1,0,published_hash_only,https://certfa.com/lab/android-app/sha1/5d74788b534ba69cac9184feba932c74d8094cbe/
Baam,ir.bmi.bam.nativeweb,4.14.2.378,,,2024-09-25,2024-09-25,in_window,1,1,0,published_hash_only,https://certfa.com/lab/android-app/sha1/b2b9f6c1f5aec6106640a399e970fbc01aa5b617/
Baam,ir.bmi.bam.nativeweb,4.14.2.379,41402379,,2024-10-17,2024-10-17,in_window,1,0,0,catalog_only,https://apkcombo.com/ar/%D9%87%D9%85%D8%B1%D8%A7%D9%87-%D8%A8%D8%A7%D9%85-%D9%85%D9%84%DB%8C/ir.bmi.bam.nativeweb/
Baam,ir.bmi.bam.nativeweb,4.26.1.635,,,2026-09-29,2026-09-29,in_window,1,0,0,catalog_only,https://cafebazaar.ir/app/ir.bmi.bam.nativeweb
