app,package_id,observation_year,observation_rows,distinct_version_names,distinct_version_code_variant_keys,rows_with_local_bytes
Divar,ir.divar,2023,36,31,32,36
Divar,ir.divar,2024,24,24,24,24
Divar,ir.divar,2025,26,24,25,26
Divar,ir.divar,2026,32,23,23,32
Rubika,app.rbmain.a,2023,0,0,0,0
Rubika,app.rbmain.a,2024,3,2,3,0
Rubika,app.rbmain.a,2025,1,1,1,0
Rubika,app.rbmain.a,2026,2,2,2,0
Eitaa,ir.eitaa.messenger,2023,4,4,4,0
Eitaa,ir.eitaa.messenger,2024,1,1,1,0
Eitaa,ir.eitaa.messenger,2025,1,1,1,0
Eitaa,ir.eitaa.messenger,2026,3,3,3,0
Snapp,cab.snapp.passenger,2023,4,4,4,0
Snapp,cab.snapp.passenger,2024,7,7,7,0
Snapp,cab.snapp.passenger,2025,11,11,11,1
Snapp,cab.snapp.passenger,2026,13,9,9,11
Snapp,cab.snapp.passenger.gp,2023,2,2,2,0
Snapp,cab.snapp.passenger.gp,2024,0,0,0,0
Snapp,cab.snapp.passenger.gp,2025,0,0,0,0
Snapp,cab.snapp.passenger.gp,2026,0,0,0,0
Snapp,cab.snapp.passenger.play,2023,0,0,0,0
Snapp,cab.snapp.passenger.play,2024,0,0,0,0
Snapp,cab.snapp.passenger.play,2025,0,0,0,0
Snapp,cab.snapp.passenger.play,2026,0,0,0,0
Neshan,org.rajman.neshan.traffic.tehran.navigator,2023,18,15,18,0
Neshan,org.rajman.neshan.traffic.tehran.navigator,2024,19,19,19,0
Neshan,org.rajman.neshan.traffic.tehran.navigator,2025,17,17,17,1
Neshan,org.rajman.neshan.traffic.tehran.navigator,2026,21,10,10,20
Telewebion,net.telewebion,2023,3,1,3,0
Telewebion,net.telewebion,2024,8,6,8,0
Telewebion,net.telewebion,2025,15,13,15,0
Telewebion,net.telewebion,2026,12,11,11,0
Balad,com.baladmaps,2023,2,2,2,0
Balad,com.baladmaps,2024,0,0,0,0
Balad,com.baladmaps,2025,6,6,6,0
Balad,com.baladmaps,2026,8,7,8,6
Balad,ir.balad,2023,1,1,1,0
Balad,ir.balad,2024,1,1,1,0
Balad,ir.balad,2025,11,10,11,2
Balad,ir.balad,2026,31,15,23,24
Digikala,com.digikala,2023,4,4,4,0
Digikala,com.digikala,2024,3,3,3,0
Digikala,com.digikala,2025,3,3,3,0
Digikala,com.digikala,2026,4,4,4,0
Digikala,com.digikala.diagon,2023,5,4,5,0
Digikala,com.digikala.diagon,2024,1,1,1,0
Digikala,com.digikala.diagon,2025,1,1,1,0
Digikala,com.digikala.diagon,2026,0,0,0,0
Aparat,com.aparat,2023,3,2,3,0
Aparat,com.aparat,2024,1,1,1,0
Aparat,com.aparat,2025,7,6,7,0
Aparat,com.aparat,2026,19,10,19,0
Baam,ir.bmi.bam.nativeweb,2023,1,1,1,0
Baam,ir.bmi.bam.nativeweb,2024,5,5,5,0
Baam,ir.bmi.bam.nativeweb,2025,0,0,0,0
Baam,ir.bmi.bam.nativeweb,2026,1,1,1,0
