app,track,package,version,version_code,catalog_date,date_basis,source_url,lead_quality,cohort,known_sha256,acquisition_status,audit_status,notes
Balad,Balad Bazaar,ir.balad,4.65.0,,2023-07-17,Phoneky published listing,https://phoneky.com/android/?id=d1d303850,archive/provider listing,core,,not_acquired,not_audited,Exact APK hash and version code unknown; availability unverified
Balad,Balad Bazaar,ir.balad,4.68.5,6820,2024-12-08,APKPure listed update,https://apkpure.net/%D8%A8%D9%84%D8%AF-%E2%80%93-%D9%86%D9%82%D8%B4%D9%87-%D9%88-%D9%85%D8%B3%DB%8C%D8%B1%DB%8C%D8%A7%D8%A8-%D9%81%D8%A7%D8%B1%D8%B3%DB%8C/ir.balad/versions,archive/provider listing,core,,not_acquired,not_audited,APK listed; exact hash not yet verified
Balad,Balad Bazaar,ir.balad,4.71.0,6890,2025-03-03,APKPure listed update,https://apkpure.net/%D8%A8%D9%84%D8%AF-%E2%80%93-%D9%86%D9%82%D8%B4%D9%87-%D9%88-%D9%85%D8%B3%DB%8C%D8%B1%DB%8C%D8%A7%D8%A8-%D9%81%D8%A7%D8%B1%D8%B3%DB%8C/ir.balad/versions,archive/provider listing,core,,not_acquired,not_audited,APK listed; exact hash not yet verified
Balad,Balad Bazaar,ir.balad,4.71.1,6900,2025-03-05,APKPure listed update,https://apkpure.net/%D8%A8%D9%84%D8%AF-%E2%80%93-%D9%86%D9%82%D8%B4%D9%87-%D9%88-%D9%85%D8%B3%DB%8C%D8%B1%DB%8C%D8%A7%D8%A8-%D9%81%D8%A7%D8%B1%D8%B3%DB%8C/ir.balad/versions,archive/provider listing,core,,not_acquired,not_audited,APK listed; distinct from Play code 6903
Balad,Balad Bazaar,ir.balad,4.72.0,6910,2025-05-26,APKPure listed update,https://apkpure.net/%D8%A8%D9%84%D8%AF-%E2%80%93-%D9%86%D9%82%D8%B4%D9%87-%D9%88-%D9%85%D8%B3%DB%8C%D8%B1%DB%8C%D8%A7%D8%A8-%D9%81%D8%A7%D8%B1%D8%B3%DB%8C/ir.balad/versions,archive/provider listing,core,,not_acquired,not_audited,APK listed; exact hash not yet verified
Balad,Balad Bazaar,ir.balad,4.72.1,6920,2025-06-30,APKPure listed update,https://apkpure.net/%D8%A8%D9%84%D8%AF-%E2%80%93-%D9%86%D9%82%D8%B4%D9%87-%D9%88-%D9%85%D8%B3%DB%8C%D8%B1%DB%8C%D8%A7%D8%A8-%D9%81%D8%A7%D8%B1%D8%B3%DB%8C/ir.balad/versions,archive/provider listing,core,,not_acquired,not_audited,APK listed; exact hash not yet verified
Balad,Balad Bazaar,ir.balad,4.73.0,6930,2025-08-04,APKPure listed update,https://apkpure.net/%D8%A8%D9%84%D8%AF-%E2%80%93-%D9%86%D9%82%D8%B4%D9%87-%D9%88-%D9%85%D8%B3%DB%8C%D8%B1%DB%8C%D8%A7%D8%A8-%D9%81%D8%A7%D8%B1%D8%B3%DB%8C/ir.balad/versions,archive/provider listing,core,,not_acquired,not_audited,APK listed; exact hash not yet verified
Balad,Balad Bazaar,ir.balad,4.75.0,6981,2025-10-25,APKPure listed update,https://apkpure.net/%D8%A8%D9%84%D8%AF-%E2%80%93-%D9%86%D9%82%D8%B4%D9%87-%D9%88-%D9%85%D8%B3%DB%8C%D8%B1%DB%8C%D8%A7%D8%A8-%D9%81%D8%A7%D8%B1%D8%B3%DB%8C/ir.balad/versions,archive/provider listing,core,,not_acquired,not_audited,APK listed; exact hash not yet verified
Balad,Balad Bazaar,ir.balad,4.76.0,,2025-11-22,Uptodown archive date,https://balad-ir-balad.en.uptodown.com/android/versions,archive/provider listing,core,,not_acquired,not_audited,Exact APK hash and version code unknown
Balad,Balad Bazaar,ir.balad,4.76.2,,2025-12-05;2025-12-15,Uptodown archive dates,https://balad-ir-balad.en.uptodown.com/android/versions,archive/provider listing,core,,not_acquired,not_audited,Two listed entries; hashes and version codes unknown
Balad,Balad Bazaar,ir.balad,4.78.0,,2026-02-24,Uptodown archive date,https://balad-ir-balad.en.uptodown.com/android/versions,archive/provider listing,core,,not_acquired,not_audited,Listed APK not recovered in prior attempt; hash and version code unknown
Balad,Balad Bazaar,ir.balad,4.78.1,,2026-02-24;2026-04-19,Uptodown archive dates,https://balad-ir-balad.en.uptodown.com/android/versions,archive/provider listing,core,,not_acquired,not_audited,Two listed entries not recovered in prior attempt; hashes and version codes unknown
Balad,Balad Bazaar,ir.balad,4.80.0,,2026-05-09;2026-05-21,Uptodown archive dates,https://balad-ir-balad.en.uptodown.com/android/versions,archive/provider listing,core,,not_acquired,not_audited,Two listed entries not recovered in prior attempt; hashes and version codes unknown
Balad,Balad Bazaar,ir.balad,4.81.0,,2026-06-04,Uptodown archive date,https://balad-ir-balad.en.uptodown.com/android/versions,archive/provider listing,core,,not_acquired,not_audited,Listed APK not recovered in prior attempt; hash and version code unknown
Balad,Balad Bazaar,ir.balad,4.85.0,,2026-10-04,Uptodown archive date,https://balad-ir-balad.en.uptodown.com/android/versions,archive/provider listing,post_report,,not_acquired,not_audited,Post-September-report freshness target; hash and version code unknown
Balad,Balad Play,com.baladmaps,4.64.1,6663,2023-02-07,APKPure listed update,https://apkpure.net/%D8%A8%D9%84%D8%AF-%D9%85%D8%B3%DB%8C%D8%B1%DB%8C%D8%A7%D8%A8%D8%8C-%D9%86%D9%82%D8%B4%D9%87-balad/com.baladmaps/versions,archive/provider listing,pre_boundary,,not_acquired,not_audited,Pre-May-2023 baseline; XAPK listed; base APK hash unknown
Balad,Balad Play,com.baladmaps,4.71.1,6903,2025-03-09,APKPure listed update,https://apkpure.net/%D8%A8%D9%84%D8%AF-%D9%85%D8%B3%DB%8C%D8%B1%DB%8C%D8%A7%D8%A8%D8%8C-%D9%86%D9%82%D8%B4%D9%87-balad/com.baladmaps/versions,archive/provider listing,core,,not_acquired,not_audited,APK and XAPK listed; distinct from Bazaar code 6900
Balad,Balad Play,com.baladmaps,4.73.2,6953,2025-08-07,APKPure listed update,https://apkpure.net/%D8%A8%D9%84%D8%AF-%D9%85%D8%B3%DB%8C%D8%B1%DB%8C%D8%A7%D8%A8%D8%8C-%D9%86%D9%82%D8%B4%D9%87-balad/com.baladmaps/versions,archive/provider listing,core,,not_acquired,not_audited,APK and XAPK listed; exact hash not yet verified
Balad,Balad Play,com.baladmaps,4.74.1,6973,2025-09-24,APKPure listed update,https://apkpure.net/%D8%A8%D9%84%D8%AF-%D9%85%D8%B3%DB%8C%D8%B1%DB%8C%D8%A7%D8%A8%D8%8C-%D9%86%D9%82%D8%B4%D9%87-balad/com.baladmaps/versions,archive/provider listing,core,,not_acquired,not_audited,APK and XAPK listed; exact hash not yet verified
Balad,Balad Play,com.baladmaps,4.76.4,7031,2026-02-09,APKPure listed update,https://apkpure.net/%D8%A8%D9%84%D8%AF-%D9%85%D8%B3%DB%8C%D8%B1%DB%8C%D8%A7%D8%A8%D8%8C-%D9%86%D9%82%D8%B4%D9%87-balad/com.baladmaps/versions,archive/provider listing,core,,not_acquired,not_audited,APK listed; exact hash not yet verified
Neshan,Neshan,org.rajman.neshan.traffic.tehran.navigator,11.6.1,70283,2023-04-05,third-party archive listing/upload; not first distribution,https://gionee-f100.apkbog.com/en/apk/xn------tze8bleg2j7agjbeq92sba/11.6.1/70283,archive catalog,pre_boundary,,not_acquired,not_audited,Nearest catalogued pre-15-May-2023 build; establish an older baseline; no exact bytes acquired.
Neshan,Neshan,org.rajman.neshan.traffic.tehran.navigator,11.8.0,70294,2023-06-10,third-party archive listing/upload; not first distribution,https://gionee-f100.apkbog.com/en/apk/xn------tze8bleg2j7agjbeq92sba/11.8.0/70294,archive catalog,core,,not_acquired,not_audited,
Neshan,Neshan,org.rajman.neshan.traffic.tehran.navigator,11.9.0,,2023-06-16,third-party archive listing/upload; not first distribution,https://gionee-f100.apkbog.com/en/apk/xn------tze8bleg2j7agjbeq92sba/11.9.0,archive catalog,core,,not_acquired,not_audited,
Neshan,Neshan,org.rajman.neshan.traffic.tehran.navigator,11.10.0,,2023-07-16,third-party archive listing/upload; not first distribution,https://gionee-f100.apkbog.com/en/apk/xn------tze8bleg2j7agjbeq92sba/11.10.0,archive catalog,core,,not_acquired,not_audited,
Neshan,Neshan,org.rajman.neshan.traffic.tehran.navigator,11.11.0,70307,2023-07-16,third-party archive listing/upload; not first distribution,https://gionee-f100.apkbog.com/en/apk/xn------tze8bleg2j7agjbeq92sba/11.11.0/70307,archive catalog,core,,not_acquired,not_audited,Same version name has distinct build codes; acquire both.
Neshan,Neshan,org.rajman.neshan.traffic.tehran.navigator,11.11.0,70309,2023-07-23,third-party archive listing/upload; not first distribution,https://gionee-f100.apkbog.com/en/apk/xn------tze8bleg2j7agjbeq92sba/11.11.0/70309,archive catalog,core,,not_acquired,not_audited,Same version name has distinct build codes; acquire both.
Neshan,Neshan,org.rajman.neshan.traffic.tehran.navigator,11.12.0,70312,2023-07-30,third-party archive listing/upload; not first distribution,https://gionee-f100.apkbog.com/en/apk/xn------tze8bleg2j7agjbeq92sba/11.12.0/70312,archive catalog,core,,not_acquired,not_audited,Same version name has distinct build codes; acquire both.
Neshan,Neshan,org.rajman.neshan.traffic.tehran.navigator,11.12.0,70316,2023-08-11,third-party archive listing/upload; not first distribution,https://gionee-f100.apkbog.com/en/apk/xn------tze8bleg2j7agjbeq92sba/11.12.0/70316,archive catalog,core,,not_acquired,not_audited,Same version name has distinct build codes; acquire both.
Neshan,Neshan,org.rajman.neshan.traffic.tehran.navigator,11.13.0,70318,2023-08-11,third-party archive listing/upload; not first distribution,https://gionee-f100.apkbog.com/en/apk/xn------tze8bleg2j7agjbeq92sba/11.13.0/70318,archive catalog,core,,not_acquired,not_audited,Same version name has distinct build codes; acquire both.
Neshan,Neshan,org.rajman.neshan.traffic.tehran.navigator,11.13.0,70322,2023-08-26,third-party archive listing/upload; not first distribution,https://gionee-f100.apkbog.com/en/apk/xn------tze8bleg2j7agjbeq92sba/11.13.0/70322,archive catalog,core,,not_acquired,not_audited,Same version name has distinct build codes; acquire both.
Neshan,Neshan,org.rajman.neshan.traffic.tehran.navigator,11.14.2,,2023-09-07,third-party archive listing/upload; not first distribution,https://gionee-f100.apkbog.com/en/apk/xn------tze8bleg2j7agjbeq92sba/11.14.2,archive catalog,core,,not_acquired,not_audited,
Neshan,Neshan,org.rajman.neshan.traffic.tehran.navigator,11.15.1,,2023-09-09,third-party archive listing/upload; not first distribution,https://gionee-f100.apkbog.com/en/apk/xn------tze8bleg2j7agjbeq92sba/11.15.1,archive catalog,core,,not_acquired,not_audited,
Neshan,Neshan,org.rajman.neshan.traffic.tehran.navigator,11.15.2,,2023-09-17,third-party archive listing/upload; not first distribution,https://gionee-f100.apkbog.com/en/apk/xn------tze8bleg2j7agjbeq92sba/11.15.2,archive catalog,core,,not_acquired,not_audited,
Neshan,Neshan,org.rajman.neshan.traffic.tehran.navigator,11.15.3,,2023-09-18,third-party archive listing/upload; not first distribution,https://gionee-f100.apkbog.com/en/apk/xn------tze8bleg2j7agjbeq92sba/11.15.3,archive catalog,core,,not_acquired,not_audited,
Neshan,Neshan,org.rajman.neshan.traffic.tehran.navigator,11.16.2,,2023-10-01,third-party archive listing/upload; not first distribution,https://gionee-f100.apkbog.com/en/apk/xn------tze8bleg2j7agjbeq92sba/11.16.2,archive catalog,core,,not_acquired,not_audited,
Neshan,Neshan,org.rajman.neshan.traffic.tehran.navigator,11.17.3,,2023-10-19,third-party archive listing/upload; not first distribution,https://gionee-f100.apkbog.com/en/apk/xn------tze8bleg2j7agjbeq92sba/11.17.3,archive catalog,core,,not_acquired,not_audited,
Neshan,Neshan,org.rajman.neshan.traffic.tehran.navigator,11.18.2,,2023-11-04,third-party archive listing/upload; not first distribution,https://gionee-f100.apkbog.com/en/apk/xn------tze8bleg2j7agjbeq92sba/11.18.2,archive catalog,core,,not_acquired,not_audited,
Neshan,Neshan,org.rajman.neshan.traffic.tehran.navigator,11.19.3,,2023-12-20,third-party archive listing/upload; not first distribution,https://gionee-f100.apkbog.com/en/apk/xn------tze8bleg2j7agjbeq92sba/11.19.3,archive catalog,core,,not_acquired,not_audited,
Neshan,Neshan,org.rajman.neshan.traffic.tehran.navigator,11.20.1,,2024-01-03,third-party archive listing/upload; not first distribution,https://gionee-f100.apkbog.com/en/apk/xn------tze8bleg2j7agjbeq92sba/11.20.1,archive catalog,core,,not_acquired,not_audited,
Neshan,Neshan,org.rajman.neshan.traffic.tehran.navigator,11.19.4,,2024-01-10,third-party archive listing/upload; not first distribution,https://gionee-f100.apkbog.com/en/apk/xn------tze8bleg2j7agjbeq92sba/11.19.4,archive catalog,core,,not_acquired,not_audited,
Neshan,Neshan,org.rajman.neshan.traffic.tehran.navigator,11.20.2,,2024-01-14,third-party archive listing/upload; not first distribution,https://gionee-f100.apkbog.com/en/apk/xn------tze8bleg2j7agjbeq92sba/11.20.2,archive catalog,core,,not_acquired,not_audited,
Neshan,Neshan,org.rajman.neshan.traffic.tehran.navigator,11.23.1,,2024-02-27,third-party archive listing/upload; not first distribution,https://apkcombo.com/neshan-map-navigation-app/org.rajman.neshan.traffic.tehran.navigator/old-versions/,archive catalog,core,,not_acquired,not_audited,
Neshan,Neshan,org.rajman.neshan.traffic.tehran.navigator,11.21.1,,2024-03-01,third-party archive listing/upload; not first distribution,https://apkcombo.com/neshan-map-navigation-app/org.rajman.neshan.traffic.tehran.navigator/old-versions/,archive catalog,core,,not_acquired,not_audited,
Neshan,Neshan,org.rajman.neshan.traffic.tehran.navigator,11.23.3,,2024-03-12,third-party archive listing/upload; not first distribution,https://apkcombo.com/neshan-map-navigation-app/org.rajman.neshan.traffic.tehran.navigator/old-versions/,archive catalog,core,,not_acquired,not_audited,
Neshan,Neshan,org.rajman.neshan.traffic.tehran.navigator,11.24.3,,2024-03-14,third-party archive listing/upload; not first distribution,https://apkcombo.com/neshan-map-navigation-app/org.rajman.neshan.traffic.tehran.navigator/old-versions/,archive catalog,core,,not_acquired,not_audited,
Neshan,Neshan,org.rajman.neshan.traffic.tehran.navigator,12.0.0,,2024-03-16,third-party archive listing/upload; not first distribution,https://apkcombo.com/neshan-map-navigation-app/org.rajman.neshan.traffic.tehran.navigator/old-versions/,archive catalog,core,,not_acquired,not_audited,
Neshan,Neshan,org.rajman.neshan.traffic.tehran.navigator,12.1.1,,2024-04-17,third-party archive listing/upload; not first distribution,https://apkcombo.com/neshan-map-navigation-app/org.rajman.neshan.traffic.tehran.navigator/old-versions/,archive catalog,core,,not_acquired,not_audited,
Neshan,Neshan,org.rajman.neshan.traffic.tehran.navigator,12.0.1,,2024-04-18,third-party archive listing/upload; not first distribution,https://apkcombo.com/neshan-map-navigation-app/org.rajman.neshan.traffic.tehran.navigator/old-versions/,archive catalog,core,,not_acquired,not_audited,
Neshan,Neshan,org.rajman.neshan.traffic.tehran.navigator,12.3.2,,2024-06-07,third-party archive listing/upload; not first distribution,https://apkcombo.com/neshan-map-navigation-app/org.rajman.neshan.traffic.tehran.navigator/old-versions/,archive catalog,core,,not_acquired,not_audited,
Neshan,Neshan,org.rajman.neshan.traffic.tehran.navigator,12.2.2,,2024-06-24,third-party archive listing/upload; not first distribution,https://apkcombo.com/neshan-map-navigation-app/org.rajman.neshan.traffic.tehran.navigator/old-versions/,archive catalog,core,,not_acquired,not_audited,
Neshan,Neshan,org.rajman.neshan.traffic.tehran.navigator,12.4.2,,2024-06-30,third-party archive listing/upload; not first distribution,https://apkcombo.com/neshan-map-navigation-app/org.rajman.neshan.traffic.tehran.navigator/old-versions/,archive catalog,core,,not_acquired,not_audited,
Neshan,Neshan,org.rajman.neshan.traffic.tehran.navigator,12.5.3,,2024-08-06,third-party archive listing/upload; not first distribution,https://apkcombo.com/neshan-map-navigation-app/org.rajman.neshan.traffic.tehran.navigator/old-versions/,archive catalog,core,,not_acquired,not_audited,
Neshan,Neshan,org.rajman.neshan.traffic.tehran.navigator,12.6.2,,2024-08-21,third-party archive listing/upload; not first distribution,https://apkcombo.com/neshan-map-navigation-app/org.rajman.neshan.traffic.tehran.navigator/old-versions/,archive catalog,core,,not_acquired,not_audited,
Neshan,Neshan,org.rajman.neshan.traffic.tehran.navigator,12.7.3,,2024-10-23,third-party archive listing/upload; not first distribution,https://apkcombo.com/neshan-map-navigation-app/org.rajman.neshan.traffic.tehran.navigator/old-versions/,archive catalog,core,,not_acquired,not_audited,
Neshan,Neshan,org.rajman.neshan.traffic.tehran.navigator,12.7.4,,2024-11-06,third-party archive listing/upload; not first distribution,https://apkcombo.com/neshan-map-navigation-app/org.rajman.neshan.traffic.tehran.navigator/old-versions/,archive catalog,core,,not_acquired,not_audited,
Neshan,Neshan,org.rajman.neshan.traffic.tehran.navigator,12.7.5,,2024-11-23,third-party archive listing/upload; not first distribution,https://apkcombo.com/neshan-map-navigation-app/org.rajman.neshan.traffic.tehran.navigator/old-versions/,archive catalog,core,,not_acquired,not_audited,
Neshan,Neshan,org.rajman.neshan.traffic.tehran.navigator,12.8.3,70477,2024-12-22,third-party archive listing/upload; not first distribution,https://www.apkturbo.com/apps/download-app/org.rajman.neshan.traffic.tehran.navigator/,archive catalog,core,,not_acquired,not_audited,APKTurbo indexes versionCode 70477 with 18-24 Dec 2024 architecture variants; APK.cafe lists 22 Dec 2024; APKCombo labels the same version 20 Feb 2025. Archive dates differ and do not establish original release.
Neshan,Neshan,org.rajman.neshan.traffic.tehran.navigator,13.0.13,,2025-02-22,third-party archive listing/upload; not first distribution,https://apkcombo.com/neshan-map-navigation-app/org.rajman.neshan.traffic.tehran.navigator/old-versions/,archive catalog,core,,not_acquired,not_audited,
Neshan,Neshan,org.rajman.neshan.traffic.tehran.navigator,13.0.16,,2025-03-17,third-party archive listing/upload; not first distribution,https://apkcombo.com/neshan-map-navigation-app/org.rajman.neshan.traffic.tehran.navigator/old-versions/,archive catalog,core,,not_acquired,not_audited,
Neshan,Neshan,org.rajman.neshan.traffic.tehran.navigator,14.2.0,,2025-03-21,third-party archive listing/upload; not first distribution,https://apkcombo.com/neshan-map-navigation-app/org.rajman.neshan.traffic.tehran.navigator/old-versions/,archive catalog,core,,not_acquired,not_audited,
Neshan,Neshan,org.rajman.neshan.traffic.tehran.navigator,14.2.3,,2025-05-29,third-party archive listing/upload; not first distribution,https://apkcombo.com/neshan-map-navigation-app/org.rajman.neshan.traffic.tehran.navigator/old-versions/,archive catalog,core,,not_acquired,not_audited,
Neshan,Neshan,org.rajman.neshan.traffic.tehran.navigator,14.3.2,,2025-06-02,third-party archive listing/upload; not first distribution,https://apkcombo.com/neshan-map-navigation-app/org.rajman.neshan.traffic.tehran.navigator/old-versions/,archive catalog,core,,not_acquired,not_audited,
Neshan,Neshan,org.rajman.neshan.traffic.tehran.navigator,14.3.3,,2025-07-17,third-party archive listing/upload; not first distribution,https://apkcombo.com/neshan-map-navigation-app/org.rajman.neshan.traffic.tehran.navigator/old-versions/,archive catalog,core,,not_acquired,not_audited,
Neshan,Neshan,org.rajman.neshan.traffic.tehran.navigator,14.3.9,,2025-07-18,third-party archive listing/upload; not first distribution,https://apkcombo.com/neshan-map-navigation-app/org.rajman.neshan.traffic.tehran.navigator/old-versions/,archive catalog,core,,not_acquired,not_audited,
Neshan,Neshan,org.rajman.neshan.traffic.tehran.navigator,14.3.10,,2025-07-21,third-party archive listing/upload; not first distribution,https://apkcombo.com/neshan-map-navigation-app/org.rajman.neshan.traffic.tehran.navigator/old-versions/,archive catalog,core,,not_acquired,not_audited,
Neshan,Neshan,org.rajman.neshan.traffic.tehran.navigator,14.3.13,,2025-07-27,third-party archive listing/upload; not first distribution,https://apkcombo.com/neshan-map-navigation-app/org.rajman.neshan.traffic.tehran.navigator/old-versions/,archive catalog,core,,not_acquired,not_audited,
Neshan,Neshan,org.rajman.neshan.traffic.tehran.navigator,14.4.7,70542,2025-07-30,third-party archive listing/upload; not first distribution,https://apkcombo.com/neshan-map-navigation-app/org.rajman.neshan.traffic.tehran.navigator/old-versions/,archive catalog,core,,not_acquired,not_audited,
Neshan,Neshan,org.rajman.neshan.traffic.tehran.navigator,14.3.14,70543,2025-08-06,third-party archive listing/upload; not first distribution,https://www.apkmirror.com/apk/%D9%86%D9%82%D8%B4%D9%87-%D9%88-%D9%85%D8%B3%DB%8C%D8%B1%DB%8C%D8%A7%D8%A8-%D9%86%D8%B4%D8%A7%D9%86/%D9%86%D8%B4%D8%A7%D9%86-%D9%86%D9%82%D8%B4%D9%87-%D9%88-%D9%85%D8%B3%DB%8C%D8%B1%DB%8C%D8%A7%D8%A8-neshan/,archive catalog,core,,not_acquired,not_audited,Earlier archive date chosen where APKMirror and APKCombo disagree; not an asserted release date.
Neshan,Neshan,org.rajman.neshan.traffic.tehran.navigator,14.4.11,70562,2025-08-10,third-party archive listing/upload; not first distribution,https://www.apkmirror.com/apk/%D9%86%D9%82%D8%B4%D9%87-%D9%88-%D9%85%D8%B3%DB%8C%D8%B1%DB%8C%D8%A7%D8%A8-%D9%86%D8%B4%D8%A7%D9%86/%D9%86%D8%B4%D8%A7%D9%86-%D9%86%D9%82%D8%B4%D9%87-%D9%88-%D9%85%D8%B3%DB%8C%D8%B1%DB%8C%D8%A7%D8%A8-neshan/,archive catalog,core,,not_acquired,not_audited,Earlier archive date chosen where APKMirror and APKCombo disagree; not an asserted release date.
Neshan,Neshan,org.rajman.neshan.traffic.tehran.navigator,14.5.5,70566,2025-08-30,third-party archive listing/upload; not first distribution,https://www.apkmirror.com/apk/%D9%86%D9%82%D8%B4%D9%87-%D9%88-%D9%85%D8%B3%DB%8C%D8%B1%DB%8C%D8%A7%D8%A8-%D9%86%D8%B4%D8%A7%D9%86/%D9%86%D8%B4%D8%A7%D9%86-%D9%86%D9%82%D8%B4%D9%87-%D9%88-%D9%85%D8%B3%DB%8C%D8%B1%DB%8C%D8%A7%D8%A8-neshan/,archive catalog,core,,not_acquired,not_audited,Earlier archive date chosen where APKMirror and APKCombo disagree; not an asserted release date.
Neshan,Neshan,org.rajman.neshan.traffic.tehran.navigator,14.5.7,70570,2025-09-15,third-party archive listing/upload; not first distribution,https://www.apkmirror.com/apk/%D9%86%D9%82%D8%B4%D9%87-%D9%88-%D9%85%D8%B3%DB%8C%D8%B1%DB%8C%D8%A7%D8%A8-%D9%86%D8%B4%D8%A7%D9%86/%D9%86%D8%B4%D8%A7%D9%86-%D9%86%D9%82%D8%B4%D9%87-%D9%88-%D9%85%D8%B3%DB%8C%D8%B1%DB%8C%D8%A7%D8%A8-neshan/,archive catalog,core,,not_acquired,not_audited,Earlier archive date chosen where APKMirror and APKCombo disagree; not an asserted release date.
Neshan,Neshan,org.rajman.neshan.traffic.tehran.navigator,14.6.4,70573,2025-10-05,third-party archive listing/upload; not first distribution,https://www.apkmirror.com/apk/%D9%86%D9%82%D8%B4%D9%87-%D9%88-%D9%85%D8%B3%DB%8C%D8%B1%DB%8C%D8%A7%D8%A8-%D9%86%D8%B4%D8%A7%D9%86/%D9%86%D8%B4%D8%A7%D9%86-%D9%86%D9%82%D8%B4%D9%87-%D9%88-%D9%85%D8%B3%DB%8C%D8%B1%DB%8C%D8%A7%D8%A8-neshan/,archive catalog,core,,not_acquired,not_audited,Earlier archive date chosen where APKMirror and APKCombo disagree; not an asserted release date.
Neshan,Neshan,org.rajman.neshan.traffic.tehran.navigator,14.7.4,70604,2025-10-23,third-party archive listing/upload; not first distribution,https://apkpure.net/%D9%86%D8%B4%D8%A7%D9%86-%D9%86%D9%82%D8%B4%D9%87-%D9%88%D9%85%D8%B3%DB%8C%D8%B1%DB%8C%D8%A7%D8%A8-%D9%81%D8%A7%D8%B1%D8%B3%DB%8Cneshan/org.rajman.neshan.traffic.tehran.navigator/versions,archive catalog,core,,not_acquired,not_audited,
Snapp,Snapp driver,cab.snapp.driver,4.8.3,,2023-01-11,Telegram post date,https://t.me/s/skymitie/35062?q=%23snapp,Telegram only,pre_boundary,,not_acquired,not_audited,Before first observed Divar 11.8.1 (14 May 2023); exact hash not verified
Snapp,Snapp driver,cab.snapp.driver,4.10.0,,2023-04-28,Telegram post date,https://t.me/s/skymitie/35062?q=%23snapp,Telegram only,pre_boundary,,not_acquired,not_audited,Before first observed Divar 11.8.1 (14 May 2023); exact hash not verified
Snapp,Snapp driver,cab.snapp.driver,4.13.0,,2023-07-21,Telegram post date,https://t.me/s/skymitie/35062?q=%23snapp,Telegram only,core,,not_acquired,not_audited,Exact hash not verified
Snapp,Snapp driver,cab.snapp.driver,4.14.0,,2023-09-19,Telegram post date,https://t.me/s/skymitie/35062?q=%23snapp,Telegram only,core,,not_acquired,not_audited,Exact hash not verified
Snapp,Snapp driver,cab.snapp.driver,4.15.1,,2023-10-25,Telegram post date,https://t.me/s/skymitie/35062?q=%23snapp,Telegram only,core,,not_acquired,not_audited,Exact hash not verified
Snapp,Snapp driver,cab.snapp.driver,4.23.0,365,2024-08-26,Telegram post date,https://t.me/s/skymitie/35062?q=%23snapp,Telegram only,core,,not_acquired,not_audited,Exact hash not verified
Snapp,Snapp driver,cab.snapp.driver,4.24.0,366,2024-09-18,Telegram post date,https://t.me/s/skymitie/35062?q=%23snapp,Telegram only,core,,not_acquired,not_audited,Exact hash not verified
Snapp,Snapp driver,cab.snapp.driver,4.25.1,368,2024-11-04,Telegram post date,https://t.me/s/skymitie/35062?q=%23snapp,Telegram only,core,,not_acquired,not_audited,Exact hash not verified
Snapp,Snapp driver,cab.snapp.driver,4.26.0,369,2024-12-16,Telegram post date,https://t.me/s/skymitie/35062?q=%23snapp,Telegram only,core,,not_acquired,not_audited,Exact hash not verified
Snapp,Snapp driver,cab.snapp.driver,5.4.0,,2025-04-21,Telegram post date,https://t.me/s/skymitie/35062?q=%23snapp,Telegram only,core,,not_acquired,not_audited,Exact hash not verified
Snapp,Snapp driver,cab.snapp.driver,5.5.0,,2025-05-19,Telegram post date,https://t.me/s/skymitie/35062?q=%23snapp,Telegram only,core,,not_acquired,not_audited,Exact hash not verified
Snapp,Snapp driver,cab.snapp.driver,5.8.1,,2025-07-18,Telegram post date,https://t.me/s/skymitie/35062?q=%23snapp,Telegram only,core,,not_acquired,not_audited,Exact hash not verified
Snapp,Snapp driver,cab.snapp.driver,5.9.2,,2025-08-13,Telegram post date,https://t.me/s/skymitie/35062?q=%23snapp,Telegram only,core,,not_acquired,not_audited,Exact hash not verified
Snapp,Snapp driver,cab.snapp.driver,4.15.0,,,,https://t.me/s/snappi?before=45350&q=%23%D8%A7%D9%86%D8%AF%D8%B1%D9%88%DB%8C%D8%AF,Telegram file lead,core,,not_acquired,not_audited,Date and exact hash not verified
Snapp,Snapp driver,cab.snapp.driver,4.17.0,,,,https://t.me/s/snappi?before=45350&q=%23%D8%A7%D9%86%D8%AF%D8%B1%D9%88%DB%8C%D8%AF,Telegram file lead,core,,not_acquired,not_audited,Date and exact hash not verified
Snapp,Snapp driver,cab.snapp.driver,4.20.0,360,,Telegram file name,https://t.me/s/snappi?before=45350&q=%23%D8%A7%D9%86%D8%AF%D8%B1%D9%88%DB%8C%D8%AF,Telegram file lead,core,,not_acquired,not_audited,Filename gives version code; date and hash not verified
Snapp,Snapp driver,cab.snapp.driver,4.21.1,361,,Telegram caption and file name,https://t.me/s/snappi?before=45350&q=%23%D8%A7%D9%86%D8%AF%D8%B1%D9%88%DB%8C%D8%AF,Conflicting Telegram lead,core,,not_acquired,not_audited,Caption 4.21.1 conflicts with file name 4.21.0-361; verify APK manifest
Snapp,Snapp passenger,cab.snapp.passenger,8.6.0,,2023-07-21,Telegram post date,https://t.me/s/skymitie/35062?q=%23snapp,Telegram only,core,,not_acquired,not_audited,Package and exact hash not verified
Snapp,Snapp passenger,cab.snapp.passenger,8.7.0,,2023-08-17,Telegram post date,https://t.me/s/skymitie/35062?q=%23snapp,Telegram only,core,,not_acquired,not_audited,Package and exact hash not verified
Snapp,Snapp passenger,cab.snapp.passenger,8.8.1,,2023-09-19,Telegram post date,https://t.me/s/skymitie/35062?q=%23snapp,Telegram only,core,,not_acquired,not_audited,Package and exact hash not verified
Snapp,Snapp passenger,cab.snapp.passenger,8.9.0,,2023-10-25,Telegram post date,https://t.me/s/snappi?before=45350&q=%23%D8%A7%D9%86%D8%AF%D8%B1%D9%88%DB%8C%D8%AF,Telegram exact-package link,core,,not_acquired,not_audited,Caption links cab.snapp.passenger; exact hash not verified
Snapp,Snapp passenger,cab.snapp.passenger,8.18.0,,2024-08-26,Telegram post date,https://t.me/s/skymitie/35062?q=%23snapp,Telegram only,core,,not_acquired,not_audited,Exact hash not verified
Snapp,Snapp passenger,cab.snapp.passenger,8.19.0,,2024-09-18,Telegram post date,https://t.me/s/skymitie/35062?q=%23snapp,Telegram only,core,,not_acquired,not_audited,Exact hash not verified
Snapp,Snapp passenger,cab.snapp.passenger,8.19.1,,2024-11-04,Telegram post date,https://t.me/s/skymitie/35062?q=%23snapp,Telegram only,core,,not_acquired,not_audited,Exact hash not verified
Snapp,Snapp passenger,cab.snapp.passenger,8.20.0,,2024-11-04,Uptodown version listing date,https://snapp.en.uptodown.com/android/versions,Archive version listing,core,,not_acquired,not_audited,Exact hash not verified
Snapp,Snapp passenger,cab.snapp.passenger,8.20.1,,2024-11-09,Uptodown version listing date,https://snapp.en.uptodown.com/android/versions,Archive version listing,core,,not_acquired,not_audited,Exact hash not verified
Snapp,Snapp passenger,cab.snapp.passenger,8.21.0,,2024-11-23,Uptodown version listing date,https://snapp.en.uptodown.com/android/versions,Archive version listing,core,,not_acquired,not_audited,Exact hash not verified
Snapp,Snapp passenger,cab.snapp.passenger,8.22.0,,2024-12-07,Uptodown version listing date,https://snapp.en.uptodown.com/android/versions,Archive version listing,core,,not_acquired,not_audited,Also listed by APKCombo for exact package; exact hash not verified
Snapp,Snapp passenger,cab.snapp.passenger,8.30.0,,2025-03-08,Uptodown version listing date,https://snapp.en.uptodown.com/android/versions,Archive version listing,core,,not_acquired,not_audited,Exact hash not verified
Snapp,Snapp passenger,cab.snapp.passenger,8.30.1,,2025-03-13,Uptodown version listing date,https://snapp.en.uptodown.com/android/versions,Archive version listing,core,,not_acquired,not_audited,Exact hash not verified
Snapp,Snapp passenger,cab.snapp.passenger,8.31.0,,2025-04-14,Uptodown version listing date,https://snapp.en.uptodown.com/android/versions,Archive version listing,core,,not_acquired,not_audited,Exact hash not verified
Snapp,Snapp passenger,cab.snapp.passenger,8.32.0,,2025-05-20,Uptodown version listing date,https://snapp.en.uptodown.com/android/versions,Archive version listing,core,,not_acquired,not_audited,Exact hash not verified
Snapp,Snapp passenger,cab.snapp.passenger,8.32.1,,2025-05-25,Uptodown version listing date,https://snapp.en.uptodown.com/android/versions,Archive version listing,core,,not_acquired,not_audited,Exact hash not verified
Snapp,Snapp passenger,cab.snapp.passenger,8.33.0,292,2025-07-16,APKMirror upload date,https://www.apkmirror.com/apk/snapp-cab/snapp-2/snapp-8-33-0-release/snapp-8-33-0-android-apk-download/,Exact package and SHA-256 listed,core,7f0030e7c58bbc339827ffe523474c59d663f3dc100756af9e294b9299513269,not_acquired,not_audited,SHA-256 7f0030e7c58bbc339827ffe523474c59d663f3dc100756af9e294b9299513269; not audited
Snapp,Snapp passenger,cab.snapp.passenger,8.34.0,,2025-08-14,Uptodown version listing date,https://snapp.en.uptodown.com/android/versions,Archive version listing,core,,not_acquired,not_audited,Exact hash not verified
Snapp,Snapp passenger,cab.snapp.passenger,8.35.0,,2025-09-26,Uptodown version listing date,https://snapp.en.uptodown.com/android/versions,Archive version listing,core,,not_acquired,not_audited,Exact hash not verified
Snapp,Snapp passenger,cab.snapp.passenger,8.35.1,,2025-10-01,Uptodown version listing date,https://snapp.en.uptodown.com/android/versions,Archive version listing,core,,not_acquired,not_audited,Exact hash not verified
Snapp,Snapp passenger,cab.snapp.passenger,8.36.0,,2025-10-30,Uptodown version listing date,https://snapp.en.uptodown.com/android/versions,Archive version listing,core,,not_acquired,not_audited,Exact hash not verified
Snapp,Snapp passenger,cab.snapp.passenger,8.41.0,,2026-06-09,Uptodown version listing date,https://snapp.en.uptodown.com/android/versions,Archive version listing,core,,not_acquired,not_audited,Exact hash not verified
Snapp,Snapp passenger,cab.snapp.passenger,8.43.0,,2026-10-01,Uptodown version listing date,https://snapp.en.uptodown.com/android/versions,Archive version listing,post_report,,not_acquired,not_audited,After 30 Sep 2026 report cutoff; exact hash not verified
Snapp,Snapp passenger GP,cab.snapp.passenger.gp,8.2.0,260,2023-03-25,APKPure listing date,https://apkpure.net/snapp-%D8%A7%D8%B3%D9%86%D9%BE/cab.snapp.passenger.gp/versions,Exact distinct-package listing,identity_check,,not_acquired,not_audited,Early-2023 alternate package; multiple architecture variants
Snapp,Snapp passenger GP,cab.snapp.passenger.gp,8.3.0,262,2023-04-23,APKPure listing date,https://apkpure.net/snapp-%D8%A7%D8%B3%D9%86%D9%BE/cab.snapp.passenger.gp/versions,Exact distinct-package listing,identity_check,,not_acquired,not_audited,Early-2023 alternate package; multiple architecture variants
Snapp,Snapp passenger Play,cab.snapp.passenger.play,8.1.5,,2022-11-13,APKMirror upload date,https://www.apkmirror.com/apk/snapp-cab/snapp/snapp-8-1-5-release/,Exact distinct-package listing,identity_check,,not_acquired,not_audited,Pre-Feb baseline; not same package as audited passenger
Tapsi,Tapsi driver,taxi.tap30.driver,6.9.4,,2024-06-12,PGYER listing last-updated date,https://www.pgyer.com/apk/apk/taxi.tap30.driver/download,third-party app-hosting metadata,core,,not_acquired,not_audited,APK hub lists exact package and version; hash not yet verified.
Tapsi,Tapsi driver,taxi.tap30.driver,6.10.4,,2024-07-01,Telegram post Jalali date converted to Gregorian,https://t.me/s/skymitie/36567,Telegram post with attached APK,core,,not_acquired,not_audited,Package and exact hash of attached file must be checked before counting as a verified build.
Tapsi,Tapsi driver,taxi.tap30.driver,6.14.1,,2024-08-25,Telegram post Jalali date converted to Gregorian,https://t.me/s/skymitie/33377?q=%23tap30,Telegram post with attached APK,core,,not_acquired,not_audited,Package and exact hash of attached file must be checked before counting as a verified build.
Tapsi,Tapsi driver,taxi.tap30.driver,6.15.1,,2024-09-19,Telegram post Jalali date converted to Gregorian,https://t.me/s/skymitie/33377?q=%23tap30,Telegram post with attached APK,core,,not_acquired,not_audited,Package and exact hash of attached file must be checked before counting as a verified build.
Tapsi,Tapsi driver,taxi.tap30.driver,7.1.2,,2024-10-15,Telegram post Jalali date converted to Gregorian,https://t.me/s/skymitie/33377?q=%23tap30,Telegram post with attached APK,core,,not_acquired,not_audited,Package and exact hash of attached file must be checked before counting as a verified build.
Tapsi,Tapsi driver,taxi.tap30.driver,7.2.2,,2024-11-04,Telegram post Jalali date converted to Gregorian,https://t.me/s/skymitie/33377?q=%23tap30,Telegram post with attached APK,core,,not_acquired,not_audited,Package and exact hash of attached file must be checked before counting as a verified build.
Tapsi,Tapsi driver,taxi.tap30.driver,7.4.0,,2024-12-05,Telegram post Jalali date converted to Gregorian,https://t.me/s/skymitie/33377?q=%23tap30,Telegram post with attached APK,core,,not_acquired,not_audited,Package and exact hash of attached file must be checked before counting as a verified build.
Tapsi,Tapsi driver,taxi.tap30.driver,7.4.3,,2024-12-22,Telegram post Jalali date converted to Gregorian,https://t.me/s/skymitie/33377?q=%23tap30,Telegram post with attached APK,core,,not_acquired,not_audited,Package and exact hash of attached file must be checked before counting as a verified build.
Tapsi,Tapsi driver,taxi.tap30.driver,7.4.4,,2025-01-05,Telegram post Jalali date converted to Gregorian,https://t.me/s/skymitie/33377?q=%23tap30,Telegram post with attached APK,core,,not_acquired,not_audited,Package and exact hash of attached file must be checked before counting as a verified build.
Tapsi,Tapsi driver,taxi.tap30.driver,7.5.4,,2025-01-22,Telegram post Jalali date converted to Gregorian,https://t.me/s/skymitie/33377?q=%23tap30,Telegram post with attached APK,core,,not_acquired,not_audited,Package and exact hash of attached file must be checked before counting as a verified build.
Tapsi,Tapsi driver,taxi.tap30.driver,7.6.3,,2025-01-26,Telegram post Jalali date converted to Gregorian,https://t.me/s/skymitie/33377?q=%23tap30,Telegram post with attached APK,core,,not_acquired,not_audited,Package and exact hash of attached file must be checked before counting as a verified build.
Tapsi,Tapsi driver,taxi.tap30.driver,7.7.3,,2025-03-09,Telegram post Jalali date converted to Gregorian,https://t.me/s/skymitie/33377?q=%23tap30,Telegram post with attached APK,core,,not_acquired,not_audited,Package and exact hash of attached file must be checked before counting as a verified build.
Tapsi,Tapsi driver,taxi.tap30.driver,5.3.6,,,undated PGYER old-version listing,https://www.pgyer.com/apk/apk/taxi.tap30.driver/download,third-party app-hosting metadata,undated,,not_acquired,not_audited,Exact package listed but archive gives no date; cannot yet assign to May 2023–Sep 2026 window.
Tapsi,Tapsi passenger,taxi.tap30.passenger,5.15.3,,2023-12-04,secondary page last-updated claim,https://www.techwikies.com/apps-for-pc/tap30-%D8%AA%D9%BE%D8%B3%DB%8C-pc/,secondary metadata only,core,,not_acquired,not_audited,Exact package named in page; obtain APK and confirm build identity; no hash yet.
Tapsi,Tapsi passenger,taxi.tap30.passenger,5.27.3,,2024-07-01,Telegram post Jalali date converted to Gregorian,https://t.me/s/skymitie/36567,Telegram post with attached APK,core,,not_acquired,not_audited,Package and exact hash of attached file must be checked before counting as a verified build.
Tapsi,Tapsi passenger,taxi.tap30.passenger,5.16.5,105016005,2024-08-12,PGYER listing publish date,https://www.pgyer.com/app/build/88lpg12een,third-party app-hosting metadata,core,,not_acquired,not_audited,Listing reports only 13.9 KB; likely a placeholder rather than full APK. Date is inconsistent with later 5.27.3 posted in July 2024; do not use it to order releases.
Tapsi,Tapsi passenger,taxi.tap30.passenger,5.29.8,,2024-08-25,Telegram post Jalali date converted to Gregorian,https://t.me/s/skymitie/33377?q=%23tap30,Telegram post with attached APK,core,,not_acquired,not_audited,Package and exact hash of attached file must be checked before counting as a verified build.
Tapsi,Tapsi passenger,taxi.tap30.passenger,5.30.45,,2024-09-19,Telegram post Jalali date converted to Gregorian,https://t.me/s/skymitie/33377?q=%23tap30,Telegram post with attached APK,core,,not_acquired,not_audited,Package and exact hash of attached file must be checked before counting as a verified build.
Tapsi,Tapsi passenger,taxi.tap30.passenger,5.33.12,,2024-10-15,Telegram post Jalali date converted to Gregorian,https://t.me/s/skymitie/33377?q=%23tap30,Telegram post with attached APK,core,,not_acquired,not_audited,Package and exact hash of attached file must be checked before counting as a verified build.
Tapsi,Tapsi passenger,taxi.tap30.passenger,5.35.5,,2024-11-04,Telegram post Jalali date converted to Gregorian,https://t.me/s/skymitie/33377?q=%23tap30,Telegram post with attached APK,core,,not_acquired,not_audited,Package and exact hash of attached file must be checked before counting as a verified build.
Tapsi,Tapsi passenger,taxi.tap30.passenger,5.35.10,,2024-12-05,Telegram post Jalali date converted to Gregorian,https://t.me/s/skymitie/33377?q=%23tap30,Telegram post with attached APK,core,,not_acquired,not_audited,Package and exact hash of attached file must be checked before counting as a verified build.
Tapsi,Tapsi passenger,taxi.tap30.passenger,5.35.17,,2024-12-22,Telegram post Jalali date converted to Gregorian,https://t.me/s/skymitie/33377?q=%23tap30,Telegram post with attached APK,core,,not_acquired,not_audited,Package and exact hash of attached file must be checked before counting as a verified build.
Tapsi,Tapsi passenger,taxi.tap30.passenger,5.35.21,,2025-01-05,Telegram post Jalali date converted to Gregorian,https://t.me/s/skymitie/33377?q=%23tap30,Telegram post with attached APK,core,,not_acquired,not_audited,Package and exact hash of attached file must be checked before counting as a verified build.
Tapsi,Tapsi passenger,taxi.tap30.passenger,6.0.2,,2025-01-22,Telegram post Jalali date converted to Gregorian,https://t.me/s/skymitie/33377?q=%23tap30,Telegram post with attached APK,core,,not_acquired,not_audited,Package and exact hash of attached file must be checked before counting as a verified build.
Tapsi,Tapsi passenger,taxi.tap30.passenger,6.0.3,,2025-01-26,Telegram post Jalali date converted to Gregorian,https://t.me/s/skymitie/33377?q=%23tap30,Telegram post with attached APK,core,,not_acquired,not_audited,Package and exact hash of attached file must be checked before counting as a verified build.
Tapsi,Tapsi passenger,taxi.tap30.passenger,6.2.1,,2025-03-09,Telegram post Jalali date converted to Gregorian,https://t.me/s/skymitie/33377?q=%23tap30,Telegram post with attached APK,core,,not_acquired,not_audited,Package and exact hash of attached file must be checked before counting as a verified build.
Tapsi,Tapsi passenger alternate,taxi.tapsi.passengers,5.6.6,,2023-04-30,APKCombo archive date,https://apkcombo.com/%D8%AA%D9%BE%D8%B3%DB%8C-tapsi/taxi.tapsi.passengers/old-versions/,alternate package catalog,identity_check,,not_acquired,not_audited,Pre-May checkpoint in distinct package; verify whether this was official parallel lineage before including in audit.
Tapsi,Tapsi passenger alternate,taxi.tapsi.passengers,5.6.9,,2023-05-20,APKCombo archive date,https://apkcombo.com/%D8%AA%D9%BE%D8%B3%DB%8C-tapsi/taxi.tapsi.passengers/old-versions/,alternate package catalog,identity_check,,not_acquired,not_audited,Distinct package from audited taxi.tap30.passenger; official lineage unverified.
